# ************************************************************
# Sequel Pro SQL dump
# Version 4541
#
# http://www.sequelpro.com/
# https://github.com/sequelpro/sequelpro
#
# Host: 127.0.0.1 (MySQL 5.7.13)
# Database: factlist_data
# Generation Time: 2018-02-18 11:56:35 +0000
# ************************************************************


/*!40101 SET @OLD_CHARACTER_SET_CLIENT=@@CHARACTER_SET_CLIENT */;
/*!40101 SET @OLD_CHARACTER_SET_RESULTS=@@CHARACTER_SET_RESULTS */;
/*!40101 SET @OLD_COLLATION_CONNECTION=@@COLLATION_CONNECTION */;
/*!40101 SET NAMES utf8 */;
/*!40014 SET @OLD_FOREIGN_KEY_CHECKS=@@FOREIGN_KEY_CHECKS, FOREIGN_KEY_CHECKS=0 */;
/*!40101 SET @OLD_SQL_MODE=@@SQL_MODE, SQL_MODE='NO_AUTO_VALUE_ON_ZERO' */;
/*!40111 SET @OLD_SQL_NOTES=@@SQL_NOTES, SQL_NOTES=0 */;


# Dump of table claim_evidences
# ------------------------------------------------------------

DROP TABLE IF EXISTS `claim_evidences`;

CREATE TABLE `claim_evidences` (
  `claim_id` int(10) unsigned NOT NULL,
  `evidence_id` int(10) unsigned NOT NULL,
  PRIMARY KEY (`claim_id`,`evidence_id`)
) ENGINE=InnoDB DEFAULT CHARSET=utf8 COLLATE=utf8_unicode_ci;

LOCK TABLES `claim_evidences` WRITE;
/*!40000 ALTER TABLE `claim_evidences` DISABLE KEYS */;

INSERT INTO `claim_evidences` (`claim_id`, `evidence_id`)
VALUES
	(13,37),
	(14,38),
	(15,39),
	(16,40),
	(17,41),
	(18,42),
	(19,43),
	(20,44),
	(21,45),
	(22,46),
	(23,47),
	(24,48),
	(25,49),
	(26,50),
	(27,51),
	(28,52),
	(29,53),
	(30,54),
	(31,55),
	(32,56),
	(33,57),
	(34,58),
	(35,59),
	(36,60),
	(37,61),
	(38,62),
	(39,63),
	(40,64),
	(41,65),
	(42,66),
	(43,67),
	(44,68),
	(45,69),
	(46,70),
	(47,71),
	(48,72),
	(49,73),
	(50,74),
	(51,75),
	(52,76),
	(53,77),
	(54,78),
	(55,79),
	(56,80),
	(57,81),
	(58,82),
	(59,83),
	(60,84),
	(61,85),
	(62,86),
	(113,87),
	(114,88),
	(115,89),
	(116,90),
	(117,91),
	(118,92),
	(119,93),
	(120,94),
	(121,95),
	(122,96),
	(123,97),
	(124,98),
	(125,99),
	(126,100),
	(127,101),
	(128,102),
	(129,103),
	(130,104),
	(131,105),
	(132,106),
	(133,107),
	(134,108),
	(135,109),
	(136,110),
	(137,111),
	(138,112),
	(139,113),
	(140,114),
	(141,115),
	(142,116),
	(143,117),
	(144,119),
	(145,120),
	(146,121),
	(147,122),
	(148,123),
	(149,124),
	(150,125),
	(151,126),
	(152,127),
	(153,128),
	(154,129),
	(155,130),
	(156,131),
	(157,132),
	(158,133),
	(159,134),
	(160,135),
	(161,136),
	(162,137),
	(163,138),
	(164,139),
	(165,140),
	(166,141),
	(167,142),
	(168,143),
	(169,144),
	(170,145),
	(171,146),
	(172,147),
	(173,148),
	(174,149),
	(175,150),
	(176,151),
	(177,152),
	(178,153),
	(179,154),
	(180,155),
	(181,156),
	(182,157),
	(183,158),
	(184,159),
	(185,160),
	(186,161),
	(187,162),
	(188,163),
	(189,164);

/*!40000 ALTER TABLE `claim_evidences` ENABLE KEYS */;
UNLOCK TABLES;


# Dump of table claim_files
# ------------------------------------------------------------

DROP TABLE IF EXISTS `claim_files`;

CREATE TABLE `claim_files` (
  `claim_id` int(10) unsigned NOT NULL,
  `file_id` int(10) unsigned NOT NULL,
  PRIMARY KEY (`claim_id`,`file_id`)
) ENGINE=InnoDB DEFAULT CHARSET=utf8 COLLATE=utf8_unicode_ci;

LOCK TABLES `claim_files` WRITE;
/*!40000 ALTER TABLE `claim_files` DISABLE KEYS */;

INSERT INTO `claim_files` (`claim_id`, `file_id`)
VALUES
	(13,1),
	(14,2),
	(15,3),
	(16,4),
	(17,5),
	(18,6),
	(19,7),
	(20,8),
	(21,9),
	(22,10),
	(23,11),
	(24,12),
	(25,13),
	(26,14),
	(27,15),
	(28,16),
	(29,17),
	(30,18),
	(31,19),
	(32,20),
	(33,21),
	(34,22),
	(35,23),
	(36,24),
	(37,25),
	(38,26),
	(39,27),
	(40,28),
	(41,29),
	(42,30),
	(43,31),
	(44,32),
	(45,33),
	(46,34),
	(47,35),
	(48,36),
	(49,37),
	(50,38),
	(51,39),
	(52,40),
	(53,41),
	(54,42),
	(55,43),
	(56,44),
	(57,45),
	(58,46),
	(59,47),
	(60,48),
	(61,49),
	(62,50),
	(113,51),
	(114,52),
	(115,53),
	(116,54),
	(117,55),
	(118,56),
	(119,57),
	(120,58),
	(121,59),
	(122,60),
	(123,61),
	(124,62),
	(125,63),
	(126,64),
	(127,65),
	(128,66),
	(129,67),
	(130,68),
	(131,69),
	(132,70),
	(133,71),
	(134,72),
	(135,73),
	(136,74),
	(137,75),
	(138,76),
	(139,77),
	(140,78),
	(141,79),
	(142,80),
	(143,81),
	(144,83),
	(145,84),
	(146,85),
	(147,86),
	(148,87),
	(149,88),
	(150,89),
	(151,90),
	(152,91),
	(153,92),
	(154,93),
	(155,94),
	(156,95),
	(157,96),
	(158,97),
	(159,98),
	(160,99),
	(161,100),
	(162,101),
	(163,102),
	(164,103),
	(165,104),
	(166,105),
	(167,106),
	(168,107),
	(169,108),
	(170,109),
	(171,110),
	(172,111),
	(173,112),
	(174,113),
	(175,114),
	(176,115),
	(177,116),
	(178,117),
	(179,118),
	(180,119),
	(181,120),
	(182,121),
	(183,122),
	(184,123),
	(185,124),
	(186,125),
	(187,126),
	(188,127),
	(189,128),
	(211,1),
	(212,2),
	(213,3),
	(214,4),
	(215,5),
	(216,6),
	(217,7),
	(218,8),
	(219,9),
	(220,10),
	(221,11),
	(222,12),
	(223,13),
	(224,14),
	(225,15),
	(226,16),
	(227,17),
	(228,18),
	(229,19),
	(230,20),
	(231,21),
	(232,22),
	(233,23),
	(234,24),
	(235,25),
	(236,26),
	(237,27),
	(238,28),
	(239,29),
	(240,30),
	(241,31),
	(242,32),
	(243,33),
	(244,34),
	(245,35),
	(246,36),
	(247,37),
	(248,38),
	(249,39),
	(250,40),
	(251,41),
	(252,42),
	(253,43),
	(254,44),
	(255,45),
	(256,46),
	(257,47),
	(258,48),
	(259,49),
	(260,50),
	(261,51),
	(262,52),
	(263,53),
	(264,54),
	(265,55),
	(266,56),
	(267,57),
	(268,58),
	(269,59),
	(270,60),
	(271,61),
	(272,62),
	(273,63),
	(274,64),
	(275,65),
	(276,66),
	(277,67),
	(278,68),
	(279,69),
	(280,70),
	(281,71),
	(282,72),
	(283,73),
	(284,74),
	(285,75),
	(286,76),
	(287,77),
	(288,78),
	(289,79),
	(290,80),
	(291,81),
	(292,82),
	(293,83),
	(294,84),
	(295,85),
	(296,86),
	(297,87),
	(298,88),
	(299,89),
	(300,90),
	(301,91),
	(302,92),
	(303,93),
	(304,94),
	(305,95),
	(306,96),
	(307,97),
	(308,98),
	(309,99),
	(310,100),
	(311,101),
	(312,102),
	(313,103),
	(314,104),
	(315,105),
	(316,106),
	(317,107),
	(318,108),
	(319,109),
	(320,110),
	(321,111),
	(322,112),
	(323,113),
	(324,114),
	(325,115),
	(326,116),
	(327,117),
	(328,118),
	(329,119),
	(330,120),
	(331,121),
	(332,122),
	(333,123),
	(334,124),
	(335,125),
	(336,126),
	(337,127),
	(338,128);

/*!40000 ALTER TABLE `claim_files` ENABLE KEYS */;
UNLOCK TABLES;


# Dump of table claim_links
# ------------------------------------------------------------

DROP TABLE IF EXISTS `claim_links`;

CREATE TABLE `claim_links` (
  `claim_id` int(11) DEFAULT NULL,
  `link_id` int(11) DEFAULT NULL
) ENGINE=InnoDB DEFAULT CHARSET=utf8 COLLATE=utf8_unicode_ci;



# Dump of table claims
# ------------------------------------------------------------

DROP TABLE IF EXISTS `claims`;

CREATE TABLE `claims` (
  `id` int(10) unsigned NOT NULL AUTO_INCREMENT,
  `user_id` int(11) DEFAULT NULL,
  `text` text COLLATE utf8_unicode_ci,
  `created_at` timestamp NULL DEFAULT NULL,
  `updated_at` timestamp NULL DEFAULT NULL,
  `deleted_at` timestamp NULL DEFAULT NULL,
  PRIMARY KEY (`id`),
  KEY `idx_claims_deleted_at` (`deleted_at`)
) ENGINE=InnoDB DEFAULT CHARSET=utf8 COLLATE=utf8_unicode_ci;

LOCK TABLES `claims` WRITE;
/*!40000 ALTER TABLE `claims` DISABLE KEYS */;

INSERT INTO `claims` (`id`, `user_id`, `text`, `created_at`, `updated_at`, `deleted_at`)
VALUES
	(13,1,'MIT offers a \"pirate certificate\" to students who complete four physical education courses.','2018-01-31 00:00:00','2018-01-31 00:00:00',NULL),
	(14,1,'Justin Timberlake said that “The whole concept of mandatory vaccination schedules is un-American.”','2018-01-31 00:00:00','2018-01-31 00:00:00',NULL),
	(15,1,'A woman seeking to bring her peacock along on a flight as an emotional support animal was denied permission to do so by United Airlines.','2018-01-31 00:00:00','2018-01-31 00:00:00',NULL),
	(16,1,'President Donald Trump ordered the removal of Barack Obama’s name from a Florida highway.','2018-01-24 00:00:00','2018-01-24 00:00:00',NULL),
	(17,1,'Chuck Schumer took $500,000 in donations from immigrant advocacy groups before the government shutdown?','2018-01-23 00:00:00','2018-01-23 00:00:00',NULL),
	(18,1,'Denzel Washington called Barack Obama the “criminal-in-chief”','2018-01-19 00:00:00','2018-01-19 00:00:00',NULL),
	(19,1,'11 terrorists arrested in a late-night raid at a mosque.','2018-01-12 00:00:00','2018-01-12 00:00:00',NULL),
	(20,1,'Food and Drug Administration announced that vaccines cause autism','2017-11-22 00:00:00','2017-11-22 00:00:00',NULL),
	(21,1,'Did President Donald Trump shut down a service dog training program for veterans?','2017-11-16 00:00:00','2017-11-16 00:00:00',NULL),
	(22,1,'NASA confirmed that there will be 15 days of darkness on Earth in 2018.','2018-01-31 00:00:00','2018-01-31 00:00:00',NULL),
	(23,1,'Was Malia Obama fired from an internship for smoking marijuana? Was she arrested for buying marijuana in Chicago?','2017-08-10 00:00:00','2017-08-10 00:00:00',NULL),
	(24,1,'The members of Congress get full pay having served just one term in office.','2018-01-05 00:00:00','2018-01-05 00:00:00',NULL),
	(25,1,'The man who killed more than two dozen people in a rural Texas church trying to start a civil war as a member of antifa','2017-11-08 00:00:00','2017-11-08 00:00:00',NULL),
	(26,1,'President Donald Trump repealed a rule that aims to block some people with mental disorders from buying guns.','2017-10-06 00:00:00','2017-10-06 00:00:00',NULL),
	(27,1,'Winston Churchill was born in a ladies’ room during a dance.','2012-03-18 00:00:00','2012-03-18 00:00:00',NULL),
	(28,1,'Eating six or seven bananas at once can result in death from a lethal potassium overdose.','2018-01-31 00:00:00','2018-01-31 00:00:00',NULL),
	(29,1,'A worker at a Pepsi or Frooti plant has contaminated those beverage products by injecting HIV-infected blood into them.','2017-09-19 00:00:00','2017-09-19 00:00:00',NULL),
	(30,1,'Dunkin\' Donuts is offering free coffee to teachers every Monday in September.','2018-01-26 00:00:00','2018-01-26 00:00:00',NULL),
	(31,1,'Drinking cocktails from a copper mug might cause copper poisoning.','2018-01-30 00:00:00','2018-01-30 00:00:00',NULL),
	(32,1,'Margarine was originally manufactured to fatten turkeys.','2018-01-29 00:00:00','2018-01-29 00:00:00',NULL),
	(33,1,'The FBI has warned all Americans to be cautious of produce at grocery stores that might have been sprayed with poison.','2017-05-20 00:00:00','2017-05-20 00:00:00',NULL),
	(34,1,'Did Aunt Jemima Recall Some Frozen Pancake Products Over Listeria Concerns?','2017-06-29 00:00:00','2017-06-29 00:00:00',NULL),
	(35,1,'Photographs show a rare strain of blue strawberries.','2018-01-30 00:00:00','2018-01-30 00:00:00',NULL),
	(36,1,'Discolored Bananas Are Dangerous to Humans?','2018-01-29 00:00:00','2018-01-29 00:00:00',NULL),
	(37,1,'Black and white caterpillars can cause severe allergic reactions in some people who touch them.','2017-09-17 00:00:00','2017-09-17 00:00:00',NULL),
	(38,1,'A photograph shows a real hammerhead salamander.','2017-09-19 00:00:00','2017-09-19 00:00:00',NULL),
	(39,1,'A photograph shows John Lennon and Che Guevara playing guitar together.','2018-01-16 00:00:00','2018-01-16 00:00:00',NULL),
	(40,1,'The term \"Black Friday\" originated with the practice of selling off slaves on the day after Thanksgiving.','2017-11-27 00:00:00','2017-11-27 00:00:00',NULL),
	(41,1,'President Trump and President Obama wrote in the Yad Yashem guest book.','2017-05-24 00:00:00','2017-05-24 00:00:00',NULL),
	(42,1,'Man in Sweden Died From Penis Enhancement Surgery','2017-08-03 00:00:00','2017-08-03 00:00:00',NULL),
	(43,1,'Man on Crystal Meth Kills 12 Neighbors, Thinking They\'re Zombies?','2017-03-22 00:00:00','2017-03-22 00:00:00',NULL),
	(44,1,'Muslims comprise 1% of the U.S. population','2017-09-20 00:00:00','2017-09-20 00:00:00',NULL),
	(45,1,'An elementary school in Fresno, California, forced a third-grader to remove a cap bearing Donald Trump\'s campaign slogan.','2016-06-06 00:00:00','2016-06-06 00:00:00',NULL),
	(46,1,'It is illegal to take photographs of the Eiffel Tower at night without explicit permission.','2017-03-13 00:00:00','2017-03-13 00:00:00',NULL),
	(47,1,'The \"Atlas Shrugged\" author called government handouts \"immoral\" received Social Security Benefits?','2017-06-23 00:00:00','2017-06-23 00:00:00',NULL),
	(48,1,'Van Halen\'s Concert Contract Required No Brown M&Ms?','2017-01-19 00:00:00','2017-01-19 00:00:00',NULL),
	(49,1,'\"The Simpsons\" depicted that President Donald Trump would touch a glowing orb fifteen years before he actually did so during a trip to the Middle East','2017-06-07 00:00:00','2017-06-07 00:00:00',NULL),
	(50,1,'A photograph shows two great white sharks swimming in the Mississippi River.','2017-03-29 00:00:00','2017-03-29 00:00:00',NULL),
	(51,1,'Mark Zuckerberg\'s $150 million ultra-luxury super yacht.','2018-01-18 00:00:00','2018-01-18 00:00:00',NULL),
	(52,1,'Did Hurricane Irma Draw the Water Away from Beaches in Florida and the Bahamas?','2017-09-10 00:00:00','2017-09-10 00:00:00',NULL),
	(53,1,'Dead Bigfoot Confirmed at Elephant Butte Lake, NM?','2017-07-17 00:00:00','2017-07-17 00:00:00',NULL),
	(54,1,'Farmers feed their cows with candy, such as Skittles.','2017-01-20 00:00:00','2017-01-20 00:00:00',NULL),
	(55,1,'A 9-year-old killed his parents after they turned off wi-fi in their home.','2016-06-24 00:00:00','2016-06-24 00:00:00',NULL),
	(56,1,'Protester holding a \"No mother should have to fear for her son\'s life every time he robs a store\" sign ','2017-09-24 00:00:00','2017-09-24 00:00:00',NULL),
	(57,1,'Is This Footage of a Giant Chicken Real?','2017-03-20 00:00:00','2017-03-20 00:00:00',NULL),
	(58,1,'Are Motorists Finding HIV-Infected Needles on Gas Pump Handles?','2017-11-19 00:00:00','2017-11-19 00:00:00',NULL),
	(59,1,'Charles and Elizabeth Koch contributed nearly $500,000 to Paul Ryan’s fundraising committee after successfully passing the GOP tax plan in the United States House of Representatives.','2018-01-25 00:00:00','2018-01-25 00:00:00',NULL),
	(60,1,'Did a Pizza Hut Manager Disparage U.S. Servicemembers?','2018-01-29 00:00:00','2018-01-29 00:00:00',NULL),
	(61,1,'Muhammad Ali With a Young Michael Jackson?','2017-07-06 00:00:00','2017-07-06 00:00:00',NULL),
	(62,1,'Did Dolly Parton Say: \'Trump In One Year Is Already Better Than 16 Years of Bush, Obama Put Together’?','2018-01-26 00:00:00','2018-01-26 00:00:00',NULL),
	(113,1,'Will Robert Mueller Be Forced to Resign Over an Affair with Nancy Pelosi?','2017-12-04 00:00:00','2017-12-04 00:00:00',NULL),
	(114,1,'Did Trump\'s Doctor Say the President Was \'Too Sick to Talk to Mueller\'?','2018-01-24 00:00:00','2018-01-24 00:00:00',NULL),
	(115,1,'The flu shot makes you sick to begin with.','2017-11-29 00:00:00','2017-11-29 00:00:00',NULL),
	(116,1,'Did Sen. Tom Cotton Issue a \'Cease and Desist\' Letter to a Constituent?','2018-01-19 00:00:00','2018-01-19 00:00:00',NULL),
	(117,1,'Are Farmers Injecting Fruits and Vegetables with Oxytocin?','2018-01-26 00:00:00','2018-01-26 00:00:00',NULL),
	(118,1,'A photograph shows a mountain that closely resembles a frozen elephant.','2018-01-29 00:00:00','2018-01-29 00:00:00',NULL),
	(119,1,'Has Pluto Been Officially Reclassified as a Planet?','2017-04-01 00:00:00','2017-04-01 00:00:00',NULL),
	(120,1,'Do People in Sweden Have to Sign a \'Consent Form\' Before Having Sex?','2018-01-26 00:00:00','2018-01-26 00:00:00',NULL),
	(121,1,'A video shows Pope Francis dancing merengue.','2018-01-27 00:00:00','2018-01-27 00:00:00',NULL),
	(122,1,'Do FBI Agents Have an Anti-Trump \'Secret Society\'?','2018-01-24 00:00:00','2018-01-24 00:00:00',NULL),
	(123,1,'Does Iceland Pay $5,000 Per Month to Immigrants Who Marry Icelandic Women?','2017-05-31 00:00:00','2017-05-31 00:00:00',NULL),
	(124,1,'Is \'Bluetooth\' Technology Named After a Viking King?','2018-01-24 00:00:00','2018-01-24 00:00:00',NULL),
	(125,1,'Is a Kentucky University Giving Black Students Free Tuition as an \"Apology\" for Slavery?','2017-04-20 00:00:00','2017-04-20 00:00:00',NULL),
	(126,1,'Keanu Reeves overcame a series of tragic events in his life, before and after becoming a wealthy movie star.','2017-07-17 00:00:00','2017-07-17 00:00:00',NULL),
	(127,1,'Was Ivanka Trump Critically Injured After Being Shot by a Sniper?','2018-01-25 00:00:00','2018-01-25 00:00:00',NULL),
	(128,1,'IKEA released a magazine ad which includes a pregnancy test.','2018-01-09 00:00:00','2018-01-09 00:00:00',NULL),
	(129,1,'A woman named Shanell Rivers put blood and dog feces into various products at a Starbucks in Atlanta.','2018-01-08 00:00:00','2018-01-08 00:00:00',NULL),
	(130,1,'Retailers are using \"disappearing ink\" on receipts to limit or enforce a strict window on returns.','2017-12-12 00:00:00','2017-12-12 00:00:00',NULL),
	(131,1,'Sears sold \'Free Palestine\' shirts on its web site.','2017-01-06 00:00:00','2017-01-06 00:00:00',NULL),
	(132,1,'Uber purposely increased its prices in parts of London around the time of a terror attack in June 2017','2017-06-05 00:00:00','2017-06-05 00:00:00',NULL),
	(133,1,'Babies born in-flight are given free air travel by all the airline firms for the rest of their lives.','2018-01-09 00:00:00','2018-01-09 00:00:00',NULL),
	(134,1,'Entering your PIN in reverse at any ATM will automatically summon the police. ','2018-01-04 00:00:00','2018-01-04 00:00:00',NULL),
	(135,1,'Burger King has introduced a new \"adult meal\" for Valentine\'s Day that includes a sex toy in Israel.','2017-02-14 00:00:00','2017-02-14 00:00:00',NULL),
	(136,1,'Is there a secret symbolism on Oreo Cookies?','2018-01-11 00:00:00','2018-01-11 00:00:00',NULL),
	(137,1,'Nordstrom sells a rock in a leather pouch for $85, and a smaller version for $65.','2018-01-26 00:00:00','2018-01-26 00:00:00',NULL),
	(138,1,'United Airlines will begin charging for overhead bin space.	','2016-12-07 00:00:00','2016-12-07 00:00:00',NULL),
	(139,1,'The country of Sweden is officially moving to a 6-hour workday.','2018-01-16 00:00:00','2018-01-16 00:00:00',NULL),
	(140,1,'JetBlue is offering free flights to Orlando for family members and partners of the victims of the Pulse Nightclub shooting.','2016-06-13 00:00:00','2016-06-13 00:00:00',NULL),
	(141,1,'Apple CEO Tim Cook wrote an open letter to customers explaining why the company was fighting a court order to unlock an iPhone tied to the San Bernardino attack.        ','2016-02-18 00:00:00','2016-02-18 00:00:00',NULL),
	(142,1,'A woman posing as a \"sex robot\" became pregnant and filed a child support claim against her unsuspecting customer.','2018-01-24 00:00:00','2018-01-24 00:00:00',NULL),
	(143,1,'The FBI found $4 million in cash and two bodies in a storage unit belonging to the Democratic mayor of a Missouri town.','2018-01-26 00:00:00','2018-01-26 00:00:00',NULL),
	(144,1,'Heather Wick joked about having a slave as a maid in a Facebook post.','2017-01-20 00:00:00','2017-01-20 00:00:00',NULL),
	(145,1,'A video shows an American Airline airplane on fire in January 2018.','2018-01-25 00:00:00','2018-01-25 00:00:00',NULL),
	(146,1,'A new law in Mississippi makes it legal for atheist doctors and nurses to refuse care to religious patients.','2018-01-24 00:00:00','2018-01-24 00:00:00',NULL),
	(147,1,'Stormy Daniels said in an interview that Donald Trump ordered little pizzas as toppings on a regular-sized pizza.','2018-01-24 00:00:00','2018-01-24 00:00:00',NULL),
	(148,1,'The body of the Clintons\' former housekeeper was found by Arkansas police.','2018-01-24 00:00:00','2018-01-24 00:00:00',NULL),
	(149,1,'First Lady Melania Trump banned the White House staff from receiving flu shots.','2018-01-23 00:00:00','2018-01-23 00:00:00',NULL),
	(150,1,'Did an Irish Woman Legally Marry the Ghost of a Pirate From the 1700s?','2018-01-22 00:00:00','2018-01-22 00:00:00',NULL),
	(151,1,'\"Friends\" tv show movie.','2018-01-12 00:00:00','2018-01-12 00:00:00',NULL),
	(152,1,'Netflix creating a new \'Harry Potter\' television series.','2018-01-25 00:00:00','2018-01-25 00:00:00',NULL),
	(153,1,'Essential oils can be poisonous to cats.','2018-01-25 00:00:00','2018-01-25 00:00:00',NULL),
	(154,1,'Is This Kim Jong-Un Reading \'Fire and Fury\'?','2018-01-22 00:00:00','2018-01-22 00:00:00',NULL),
	(155,1,'President Donald Trump posted a suggestive comment on Twitter about his daughter\'s \"skintight\" dress.','2018-01-02 00:00:00','2018-01-02 00:00:00',NULL),
	(156,1,'A photograph shows Robert Mueller in Vietnam in 1969.','2017-12-17 00:00:00','2017-12-17 00:00:00',NULL),
	(157,1,'President Trump said police and firefighters make too much money in order to justify eliminating some of their tax deductions.','2017-12-27 00:00:00','2017-12-27 00:00:00',NULL),
	(158,1,'No two snowflakes are exactly alike.','2018-01-22 00:00:00','2018-01-22 00:00:00',NULL),
	(159,1,'50 dead bodies were found off the coast of Cancún in Mexico.','2017-12-07 00:00:00','2017-12-07 00:00:00',NULL),
	(160,1,'Photographs show a border fence between the countries of Mexico and Guatemala.','2018-01-02 00:00:00','2018-01-02 00:00:00',NULL),
	(161,1,'Pop star Lady Gaga is an \'hermaphrodite.\'','2016-10-02 00:00:00','2016-10-02 00:00:00',NULL),
	(162,1,'A man named Shane Patrick Boyle died shortly after starting a GoFundMe fundraiser for insulin.','2017-11-27 00:00:00','2017-11-27 00:00:00',NULL),
	(163,1,'President Trump posing beside Kremlin-linked lawyer Natalia Veselnitskaya.','2017-08-07 00:00:00','2017-08-07 00:00:00',NULL),
	(164,1,'Mark Zuckerberg Retires from Facebook in 2018','2018-01-24 00:00:00','2018-01-24 00:00:00',NULL),
	(165,1,'Donald Trump Imposes 30% Tariffs on Solar Panel Imports','2018-01-25 00:00:00','2018-01-25 00:00:00',NULL),
	(166,1,'Pope Francis Gives Pontifical Medal to Pro-Abortion Dutch Activist Lilianne Ploumen','2018-01-22 00:00:00','2018-01-22 00:00:00',NULL),
	(167,1,'Sandra Bullock said if Hillary Clinton doesn’t like President Trump, she can “Leave and never come back again.”','2017-11-21 00:00:00','2017-11-21 00:00:00',NULL),
	(168,1,'A photograph shows Muhammad Ali with all of his winnings in 1964.','2017-07-10 00:00:00','2017-07-10 00:00:00',NULL),
	(169,1,'Scientists Discover A Drug That Regenerates Teeth?','2018-02-01 00:00:00','2018-02-01 00:00:00',NULL),
	(170,1,'President Donald Trump was pictured at a cross burning with the KKK.','2017-01-20 00:00:00','2017-01-20 00:00:00',NULL),
	(171,1,'The skeleton of a giant human was uncovered during gas exploration in Saudi Arabia.','2017-12-24 00:00:00','2017-12-24 00:00:00',NULL),
	(172,1,'Is NASA Hiring Someone to Protect Earth from Aliens?','2017-08-03 00:00:00','2017-08-03 00:00:00',NULL),
	(173,1,'Former New York City mayor Rudy Giuliani was suspended from Twitter after sending messages about Pizzagate.','2016-12-20 00:00:00','2016-12-20 00:00:00',NULL),
	(174,1,'Does Setting Your Twitter Location to Germany Block Nazi Content?','2018-01-11 00:00:00','2018-01-11 00:00:00',NULL),
	(175,1,'A 101-year-old Italian woman gave birth after an ovarian transplant.	','2018-01-24 00:00:00','2018-01-24 00:00:00',NULL),
	(176,1,'Live Panda Flown from China to U.S. in Business Class?','2018-01-27 00:00:00','2018-01-27 00:00:00',NULL),
	(177,1,'Americans crashed Canada\'s immigration web site immediately after Donald Trump was elected.','2017-11-11 00:00:00','2017-11-11 00:00:00',NULL),
	(178,1,'Does a Viral Video Show a Polar Bear Starving to Death?','2017-12-14 00:00:00','2017-12-14 00:00:00',NULL),
	(179,1,'NFL Fines Pittsburgh Steelers $1M Each for Skipping National Anthem?','2017-09-24 00:00:00','2017-09-24 00:00:00',NULL),
	(180,1,'Wedding in Poland that was called off due to the onset of World War II in 1939','2018-01-24 00:00:00','2018-01-24 00:00:00',NULL),
	(181,1,'A video shows a \"fake\" Melania Trump standing next to the president.','2017-10-19 00:00:00','2017-10-19 00:00:00',NULL),
	(182,1,'There are small worms in bags of Lipton tea.','2016-02-22 00:00:00','2016-02-22 00:00:00',NULL),
	(183,1,'Is Netflix Rebooting the \'Addams Family?\' Series?','2017-06-26 00:00:00','2017-06-26 00:00:00',NULL),
	(184,1,'Jay-Z recently punched a 12-year-old girl after she tried to take his picture.','2018-02-02 00:00:00','2018-02-02 00:00:00',NULL),
	(185,1,'Is the Owner of Jimmy John\'s a Big-Game Hunter?','2017-10-24 00:00:00','2017-10-24 00:00:00',NULL),
	(186,1,'Uma thurman\'s car crash footage from Kill Bill','2018-02-02 00:00:00','2018-02-02 00:00:00',NULL),
	(187,1,'Hurricane Irma Created \'Cloud Face\'?','2017-12-28 00:00:00','2017-12-28 00:00:00',NULL),
	(188,1,'Women need more sleep than men','2017-12-15 00:00:00','2017-12-15 00:00:00',NULL),
	(189,1,'Photograph shows a KKK member being treated by an all-black emergency room staff.','2017-12-17 00:00:00','2017-12-17 00:00:00',NULL),
	(211,1,'MIT offers a \"pirate certificate\" to students who complete four physical education courses.','2018-01-31 00:00:00','2018-01-31 00:00:00',NULL),
	(212,1,'Justin Timberlake said that “The whole concept of mandatory vaccination schedules is un-American.”','2018-01-31 00:00:00','2018-01-31 00:00:00',NULL),
	(213,1,'A woman seeking to bring her peacock along on a flight as an emotional support animal was denied permission to do so by United Airlines.','2018-01-31 00:00:00','2018-01-31 00:00:00',NULL),
	(214,1,'President Donald Trump ordered the removal of Barack Obama’s name from a Florida highway.','2018-01-24 00:00:00','2018-01-24 00:00:00',NULL),
	(215,1,'Chuck Schumer took $500,000 in donations from immigrant advocacy groups before the government shutdown?','2018-01-23 00:00:00','2018-01-23 00:00:00',NULL),
	(216,1,'Denzel Washington called Barack Obama the “criminal-in-chief”','2018-01-19 00:00:00','2018-01-19 00:00:00',NULL),
	(217,1,'11 terrorists arrested in a late-night raid at a mosque.','2018-01-12 00:00:00','2018-01-12 00:00:00',NULL),
	(218,1,'Food and Drug Administration announced that vaccines cause autism','2017-11-22 00:00:00','2017-11-22 00:00:00',NULL),
	(219,1,'Did President Donald Trump shut down a service dog training program for veterans?','2017-11-16 00:00:00','2017-11-16 00:00:00',NULL),
	(220,1,'NASA confirmed that there will be 15 days of darkness on Earth in 2018.','2018-01-31 00:00:00','2018-01-31 00:00:00',NULL),
	(221,1,'Was Malia Obama fired from an internship for smoking marijuana? Was she arrested for buying marijuana in Chicago?','2017-08-10 00:00:00','2017-08-10 00:00:00',NULL),
	(222,1,'The members of Congress get full pay having served just one term in office.','2018-01-05 00:00:00','2018-01-05 00:00:00',NULL),
	(223,1,'The man who killed more than two dozen people in a rural Texas church trying to start a civil war as a member of antifa','2017-11-08 00:00:00','2017-11-08 00:00:00',NULL),
	(224,1,'President Donald Trump repealed a rule that aims to block some people with mental disorders from buying guns.','2017-10-06 00:00:00','2017-10-06 00:00:00',NULL),
	(225,1,'Winston Churchill was born in a ladies’ room during a dance.','2012-03-18 00:00:00','2012-03-18 00:00:00',NULL),
	(226,1,'Eating six or seven bananas at once can result in death from a lethal potassium overdose.','2018-01-31 00:00:00','2018-01-31 00:00:00',NULL),
	(227,1,'A worker at a Pepsi or Frooti plant has contaminated those beverage products by injecting HIV-infected blood into them.','2017-09-19 00:00:00','2017-09-19 00:00:00',NULL),
	(228,1,'Dunkin\' Donuts is offering free coffee to teachers every Monday in September.','2018-01-26 00:00:00','2018-01-26 00:00:00',NULL),
	(229,1,'Drinking cocktails from a copper mug might cause copper poisoning.','2018-01-30 00:00:00','2018-01-30 00:00:00',NULL),
	(230,1,'Margarine was originally manufactured to fatten turkeys.','2018-01-29 00:00:00','2018-01-29 00:00:00',NULL),
	(231,1,'The FBI has warned all Americans to be cautious of produce at grocery stores that might have been sprayed with poison.','2017-05-20 00:00:00','2017-05-20 00:00:00',NULL),
	(232,1,'Did Aunt Jemima Recall Some Frozen Pancake Products Over Listeria Concerns?','2017-06-29 00:00:00','2017-06-29 00:00:00',NULL),
	(233,1,'Photographs show a rare strain of blue strawberries.','2018-01-30 00:00:00','2018-01-30 00:00:00',NULL),
	(234,1,'Discolored Bananas Are Dangerous to Humans?','2018-01-29 00:00:00','2018-01-29 00:00:00',NULL),
	(235,1,'Black and white caterpillars can cause severe allergic reactions in some people who touch them.','2017-09-17 00:00:00','2017-09-17 00:00:00',NULL),
	(236,1,'A photograph shows a real hammerhead salamander.','2017-09-19 00:00:00','2017-09-19 00:00:00',NULL),
	(237,1,'A photograph shows John Lennon and Che Guevara playing guitar together.','2018-01-16 00:00:00','2018-01-16 00:00:00',NULL),
	(238,1,'The term \"Black Friday\" originated with the practice of selling off slaves on the day after Thanksgiving.','2017-11-27 00:00:00','2017-11-27 00:00:00',NULL),
	(239,1,'President Trump and President Obama wrote in the Yad Yashem guest book.','2017-05-24 00:00:00','2017-05-24 00:00:00',NULL),
	(240,1,'Man in Sweden Died From Penis Enhancement Surgery','2017-08-03 00:00:00','2017-08-03 00:00:00',NULL),
	(241,1,'Man on Crystal Meth Kills 12 Neighbors, Thinking They\'re Zombies?','2017-03-22 00:00:00','2017-03-22 00:00:00',NULL),
	(242,1,'Muslims comprise 1% of the U.S. population','2017-09-20 00:00:00','2017-09-20 00:00:00',NULL),
	(243,1,'An elementary school in Fresno, California, forced a third-grader to remove a cap bearing Donald Trump\'s campaign slogan.','2016-06-06 00:00:00','2016-06-06 00:00:00',NULL),
	(244,1,'It is illegal to take photographs of the Eiffel Tower at night without explicit permission.','2017-03-13 00:00:00','2017-03-13 00:00:00',NULL),
	(245,1,'The \"Atlas Shrugged\" author called government handouts \"immoral\" received Social Security Benefits?','2017-06-23 00:00:00','2017-06-23 00:00:00',NULL),
	(246,1,'Van Halen\'s Concert Contract Required No Brown M&Ms?','2017-01-19 00:00:00','2017-01-19 00:00:00',NULL),
	(247,1,'\"The Simpsons\" depicted that President Donald Trump would touch a glowing orb fifteen years before he actually did so during a trip to the Middle East','2017-06-07 00:00:00','2017-06-07 00:00:00',NULL),
	(248,1,'A photograph shows two great white sharks swimming in the Mississippi River.','2017-03-29 00:00:00','2017-03-29 00:00:00',NULL),
	(249,1,'Mark Zuckerberg\'s $150 million ultra-luxury super yacht.','2018-01-18 00:00:00','2018-01-18 00:00:00',NULL),
	(250,1,'Did Hurricane Irma Draw the Water Away from Beaches in Florida and the Bahamas?','2017-09-10 00:00:00','2017-09-10 00:00:00',NULL),
	(251,1,'Dead Bigfoot Confirmed at Elephant Butte Lake, NM?','2017-07-17 00:00:00','2017-07-17 00:00:00',NULL),
	(252,1,'Farmers feed their cows with candy, such as Skittles.','2017-01-20 00:00:00','2017-01-20 00:00:00',NULL),
	(253,1,'A 9-year-old killed his parents after they turned off wi-fi in their home.','2016-06-24 00:00:00','2016-06-24 00:00:00',NULL),
	(254,1,'Protester holding a \"No mother should have to fear for her son\'s life every time he robs a store\" sign ','2017-09-24 00:00:00','2017-09-24 00:00:00',NULL),
	(255,1,'Is This Footage of a Giant Chicken Real?','2017-03-20 00:00:00','2017-03-20 00:00:00',NULL),
	(256,1,'Are Motorists Finding HIV-Infected Needles on Gas Pump Handles?','2017-11-19 00:00:00','2017-11-19 00:00:00',NULL),
	(257,1,'Charles and Elizabeth Koch contributed nearly $500,000 to Paul Ryan’s fundraising committee after successfully passing the GOP tax plan in the United States House of Representatives.','2018-01-25 00:00:00','2018-01-25 00:00:00',NULL),
	(258,1,'Did a Pizza Hut Manager Disparage U.S. Servicemembers?','2018-01-29 00:00:00','2018-01-29 00:00:00',NULL),
	(259,1,'Muhammad Ali With a Young Michael Jackson?','2017-07-06 00:00:00','2017-07-06 00:00:00',NULL),
	(260,1,'Did Dolly Parton Say: \'Trump In One Year Is Already Better Than 16 Years of Bush, Obama Put Together’?','2018-01-26 00:00:00','2018-01-26 00:00:00',NULL),
	(261,1,'Will Robert Mueller Be Forced to Resign Over an Affair with Nancy Pelosi?','2017-12-04 00:00:00','2017-12-04 00:00:00',NULL),
	(262,1,'Did Trump\'s Doctor Say the President Was \'Too Sick to Talk to Mueller\'?','2018-01-24 00:00:00','2018-01-24 00:00:00',NULL),
	(263,1,'The flu shot makes you sick to begin with.','2017-11-29 00:00:00','2017-11-29 00:00:00',NULL),
	(264,1,'Did Sen. Tom Cotton Issue a \'Cease and Desist\' Letter to a Constituent?','2018-01-19 00:00:00','2018-01-19 00:00:00',NULL),
	(265,1,'Are Farmers Injecting Fruits and Vegetables with Oxytocin?','2018-01-26 00:00:00','2018-01-26 00:00:00',NULL),
	(266,1,'A photograph shows a mountain that closely resembles a frozen elephant.','2018-01-29 00:00:00','2018-01-29 00:00:00',NULL),
	(267,1,'Has Pluto Been Officially Reclassified as a Planet?','2017-04-01 00:00:00','2017-04-01 00:00:00',NULL),
	(268,1,'Do People in Sweden Have to Sign a \'Consent Form\' Before Having Sex?','2018-01-26 00:00:00','2018-01-26 00:00:00',NULL),
	(269,1,'A video shows Pope Francis dancing merengue.','2018-01-27 00:00:00','2018-01-27 00:00:00',NULL),
	(270,1,'Do FBI Agents Have an Anti-Trump \'Secret Society\'?','2018-01-24 00:00:00','2018-01-24 00:00:00',NULL),
	(271,1,'Does Iceland Pay $5,000 Per Month to Immigrants Who Marry Icelandic Women?','2017-05-31 00:00:00','2017-05-31 00:00:00',NULL),
	(272,1,'Is \'Bluetooth\' Technology Named After a Viking King?','2018-01-24 00:00:00','2018-01-24 00:00:00',NULL),
	(273,1,'Is a Kentucky University Giving Black Students Free Tuition as an \"Apology\" for Slavery?','2017-04-20 00:00:00','2017-04-20 00:00:00',NULL),
	(274,1,'Keanu Reeves overcame a series of tragic events in his life, before and after becoming a wealthy movie star.','2017-07-17 00:00:00','2017-07-17 00:00:00',NULL),
	(275,1,'Was Ivanka Trump Critically Injured After Being Shot by a Sniper?','2018-01-25 00:00:00','2018-01-25 00:00:00',NULL),
	(276,1,'IKEA released a magazine ad which includes a pregnancy test.','2018-01-09 00:00:00','2018-01-09 00:00:00',NULL),
	(277,1,'A woman named Shanell Rivers put blood and dog feces into various products at a Starbucks in Atlanta.','2018-01-08 00:00:00','2018-01-08 00:00:00',NULL),
	(278,1,'Retailers are using \"disappearing ink\" on receipts to limit or enforce a strict window on returns.','2017-12-12 00:00:00','2017-12-12 00:00:00',NULL),
	(279,1,'Sears sold \'Free Palestine\' shirts on its web site.','2017-01-06 00:00:00','2017-01-06 00:00:00',NULL),
	(280,1,'Uber purposely increased its prices in parts of London around the time of a terror attack in June 2017','2017-06-05 00:00:00','2017-06-05 00:00:00',NULL),
	(281,1,'Babies born in-flight are given free air travel by all the airline firms for the rest of their lives.','2018-01-09 00:00:00','2018-01-09 00:00:00',NULL),
	(282,1,'Entering your PIN in reverse at any ATM will automatically summon the police. ','2018-01-04 00:00:00','2018-01-04 00:00:00',NULL),
	(283,1,'Burger King has introduced a new \"adult meal\" for Valentine\'s Day that includes a sex toy in Israel.','2017-02-14 00:00:00','2017-02-14 00:00:00',NULL),
	(284,1,'Is there a secret symbolism on Oreo Cookies?','2018-01-11 00:00:00','2018-01-11 00:00:00',NULL),
	(285,1,'Nordstrom sells a rock in a leather pouch for $85, and a smaller version for $65.','2018-01-26 00:00:00','2018-01-26 00:00:00',NULL),
	(286,1,'United Airlines will begin charging for overhead bin space.	','2016-12-07 00:00:00','2016-12-07 00:00:00',NULL),
	(287,1,'The country of Sweden is officially moving to a 6-hour workday.','2018-01-16 00:00:00','2018-01-16 00:00:00',NULL),
	(288,1,'JetBlue is offering free flights to Orlando for family members and partners of the victims of the Pulse Nightclub shooting.','2016-06-13 00:00:00','2016-06-13 00:00:00',NULL),
	(289,1,'Apple CEO Tim Cook wrote an open letter to customers explaining why the company was fighting a court order to unlock an iPhone tied to the San Bernardino attack.        ','2016-02-18 00:00:00','2016-02-18 00:00:00',NULL),
	(290,1,'A woman posing as a \"sex robot\" became pregnant and filed a child support claim against her unsuspecting customer.','2018-01-24 00:00:00','2018-01-24 00:00:00',NULL),
	(291,1,'The FBI found $4 million in cash and two bodies in a storage unit belonging to the Democratic mayor of a Missouri town.','2018-01-26 00:00:00','2018-01-26 00:00:00',NULL),
	(292,1,'A Republican candidate for U.S. Senate for Missouri, Courtland Sykes, said he \"supports women’s rights\" but not if that means women become \"career obsessed banshees who forego home life and children and the happiness of family to become nail-biting manophobic hell-bent feminist she devils.\"','2018-01-25 00:00:00','2018-01-25 00:00:00',NULL),
	(293,1,'Heather Wick joked about having a slave as a maid in a Facebook post.','2017-01-20 00:00:00','2017-01-20 00:00:00',NULL),
	(294,1,'A video shows an American Airline airplane on fire in January 2018.','2018-01-25 00:00:00','2018-01-25 00:00:00',NULL),
	(295,1,'A new law in Mississippi makes it legal for atheist doctors and nurses to refuse care to religious patients.','2018-01-24 00:00:00','2018-01-24 00:00:00',NULL),
	(296,1,'Stormy Daniels said in an interview that Donald Trump ordered little pizzas as toppings on a regular-sized pizza.','2018-01-24 00:00:00','2018-01-24 00:00:00',NULL),
	(297,1,'The body of the Clintons\' former housekeeper was found by Arkansas police.','2018-01-24 00:00:00','2018-01-24 00:00:00',NULL),
	(298,1,'First Lady Melania Trump banned the White House staff from receiving flu shots.','2018-01-23 00:00:00','2018-01-23 00:00:00',NULL),
	(299,1,'Did an Irish Woman Legally Marry the Ghost of a Pirate From the 1700s?','2018-01-22 00:00:00','2018-01-22 00:00:00',NULL),
	(300,1,'\"Friends\" tv show movie.','2018-01-12 00:00:00','2018-01-12 00:00:00',NULL),
	(301,1,'Netflix creating a new \'Harry Potter\' television series.','2018-01-25 00:00:00','2018-01-25 00:00:00',NULL),
	(302,1,'Essential oils can be poisonous to cats.','2018-01-25 00:00:00','2018-01-25 00:00:00',NULL),
	(303,1,'Is This Kim Jong-Un Reading \'Fire and Fury\'?','2018-01-22 00:00:00','2018-01-22 00:00:00',NULL),
	(304,1,'President Donald Trump posted a suggestive comment on Twitter about his daughter\'s \"skintight\" dress.','2018-01-02 00:00:00','2018-01-02 00:00:00',NULL),
	(305,1,'A photograph shows Robert Mueller in Vietnam in 1969.','2017-12-17 00:00:00','2017-12-17 00:00:00',NULL),
	(306,1,'President Trump said police and firefighters make too much money in order to justify eliminating some of their tax deductions.','2017-12-27 00:00:00','2017-12-27 00:00:00',NULL),
	(307,1,'No two snowflakes are exactly alike.','2018-01-22 00:00:00','2018-01-22 00:00:00',NULL),
	(308,1,'50 dead bodies were found off the coast of Cancún in Mexico.','2017-12-07 00:00:00','2017-12-07 00:00:00',NULL),
	(309,1,'Photographs show a border fence between the countries of Mexico and Guatemala.','2018-01-02 00:00:00','2018-01-02 00:00:00',NULL),
	(310,1,'Pop star Lady Gaga is an \'hermaphrodite.\'','2016-10-02 00:00:00','2016-10-02 00:00:00',NULL),
	(311,1,'A man named Shane Patrick Boyle died shortly after starting a GoFundMe fundraiser for insulin.','2017-11-27 00:00:00','2017-11-27 00:00:00',NULL),
	(312,1,'President Trump posing beside Kremlin-linked lawyer Natalia Veselnitskaya.','2017-08-07 00:00:00','2017-08-07 00:00:00',NULL),
	(313,1,'Mark Zuckerberg Retires from Facebook in 2018','2018-01-24 00:00:00','2018-01-24 00:00:00',NULL),
	(314,1,'Donald Trump Imposes 30% Tariffs on Solar Panel Imports','2018-01-25 00:00:00','2018-01-25 00:00:00',NULL),
	(315,1,'Pope Francis Gives Pontifical Medal to Pro-Abortion Dutch Activist Lilianne Ploumen','2018-01-22 00:00:00','2018-01-22 00:00:00',NULL),
	(316,1,'Sandra Bullock said if Hillary Clinton doesn’t like President Trump, she can “Leave and never come back again.”','2017-11-21 00:00:00','2017-11-21 00:00:00',NULL),
	(317,1,'A photograph shows Muhammad Ali with all of his winnings in 1964.','2017-07-10 00:00:00','2017-07-10 00:00:00',NULL),
	(318,1,'Scientists Discover A Drug That Regenerates Teeth?','2018-02-01 00:00:00','2018-02-01 00:00:00',NULL),
	(319,1,'President Donald Trump was pictured at a cross burning with the KKK.','2017-01-20 00:00:00','2017-01-20 00:00:00',NULL),
	(320,1,'The skeleton of a giant human was uncovered during gas exploration in Saudi Arabia.','2017-12-24 00:00:00','2017-12-24 00:00:00',NULL),
	(321,1,'Is NASA Hiring Someone to Protect Earth from Aliens?','2017-08-03 00:00:00','2017-08-03 00:00:00',NULL),
	(322,1,'Former New York City mayor Rudy Giuliani was suspended from Twitter after sending messages about Pizzagate.','2016-12-20 00:00:00','2016-12-20 00:00:00',NULL),
	(323,1,'Does Setting Your Twitter Location to Germany Block Nazi Content?','2018-01-11 00:00:00','2018-01-11 00:00:00',NULL),
	(324,1,'A 101-year-old Italian woman gave birth after an ovarian transplant.	','2018-01-24 00:00:00','2018-01-24 00:00:00',NULL),
	(325,1,'Live Panda Flown from China to U.S. in Business Class?','2018-01-27 00:00:00','2018-01-27 00:00:00',NULL),
	(326,1,'Americans crashed Canada\'s immigration web site immediately after Donald Trump was elected.','2017-11-11 00:00:00','2017-11-11 00:00:00',NULL),
	(327,1,'Does a Viral Video Show a Polar Bear Starving to Death?','2017-12-14 00:00:00','2017-12-14 00:00:00',NULL),
	(328,1,'NFL Fines Pittsburgh Steelers $1M Each for Skipping National Anthem?','2017-09-24 00:00:00','2017-09-24 00:00:00',NULL),
	(329,1,'Wedding in Poland that was called off due to the onset of World War II in 1939','2018-01-24 00:00:00','2018-01-24 00:00:00',NULL),
	(330,1,'A video shows a \"fake\" Melania Trump standing next to the president.','2017-10-19 00:00:00','2017-10-19 00:00:00',NULL),
	(331,1,'There are small worms in bags of Lipton tea.','2016-02-22 00:00:00','2016-02-22 00:00:00',NULL),
	(332,1,'Is Netflix Rebooting the \'Addams Family?\' Series?','2017-06-26 00:00:00','2017-06-26 00:00:00',NULL),
	(333,1,'Jay-Z recently punched a 12-year-old girl after she tried to take his picture.','2018-02-02 00:00:00','2018-02-02 00:00:00',NULL),
	(334,1,'Is the Owner of Jimmy John\'s a Big-Game Hunter?','2017-10-24 00:00:00','2017-10-24 00:00:00',NULL),
	(335,1,'Uma thurman\'s car crash footage from Kill Bill','2018-02-02 00:00:00','2018-02-02 00:00:00',NULL),
	(336,1,'Hurricane Irma Created \'Cloud Face\'?','2017-12-28 00:00:00','2017-12-28 00:00:00',NULL),
	(337,1,'Women need more sleep than men','2017-12-15 00:00:00','2017-12-15 00:00:00',NULL),
	(338,1,'Photograph shows a KKK member being treated by an all-black emergency room staff.','2017-12-17 00:00:00','2017-12-17 00:00:00',NULL);

/*!40000 ALTER TABLE `claims` ENABLE KEYS */;
UNLOCK TABLES;


# Dump of table evidence_files
# ------------------------------------------------------------

DROP TABLE IF EXISTS `evidence_files`;

CREATE TABLE `evidence_files` (
  `evidence_id` int(10) unsigned NOT NULL,
  `file_id` int(10) unsigned NOT NULL,
  PRIMARY KEY (`evidence_id`,`file_id`)
) ENGINE=InnoDB DEFAULT CHARSET=utf8 COLLATE=utf8_unicode_ci;



# Dump of table evidence_links
# ------------------------------------------------------------

DROP TABLE IF EXISTS `evidence_links`;

CREATE TABLE `evidence_links` (
  `evidence_id` int(10) unsigned NOT NULL,
  `link_id` int(10) unsigned NOT NULL,
  PRIMARY KEY (`evidence_id`,`link_id`)
) ENGINE=InnoDB DEFAULT CHARSET=utf8 COLLATE=utf8_unicode_ci;

LOCK TABLES `evidence_links` WRITE;
/*!40000 ALTER TABLE `evidence_links` DISABLE KEYS */;

INSERT INTO `evidence_links` (`evidence_id`, `link_id`)
VALUES
	(37,1),
	(38,2),
	(39,3),
	(40,4),
	(41,5),
	(42,6),
	(43,7),
	(44,8),
	(45,9),
	(46,10),
	(47,11),
	(48,12),
	(49,13),
	(50,14),
	(51,15),
	(52,16),
	(53,17),
	(54,18),
	(55,19),
	(56,20),
	(57,21),
	(58,22),
	(59,23),
	(60,24),
	(61,25),
	(62,26),
	(63,27),
	(64,28),
	(65,29),
	(66,30),
	(67,31),
	(68,32),
	(69,33),
	(70,34),
	(71,35),
	(72,36),
	(73,37),
	(74,38),
	(75,39),
	(76,40),
	(77,41),
	(78,42),
	(79,43),
	(80,44),
	(81,45),
	(82,46),
	(83,47),
	(84,48),
	(85,49),
	(86,50),
	(87,101),
	(88,102),
	(89,103),
	(90,104),
	(91,105),
	(92,106),
	(93,107),
	(94,108),
	(95,109),
	(96,110),
	(97,111),
	(98,112),
	(99,113),
	(100,114),
	(101,115),
	(102,116),
	(103,117),
	(104,118),
	(105,119),
	(106,120),
	(107,121),
	(108,122),
	(109,123),
	(110,124),
	(111,125),
	(112,126),
	(113,127),
	(114,128),
	(115,129),
	(116,130),
	(117,131),
	(118,132),
	(119,133),
	(120,134),
	(121,135),
	(122,136),
	(123,137),
	(124,138),
	(125,139),
	(126,140),
	(127,141),
	(128,142),
	(129,143),
	(130,144),
	(131,145),
	(132,146),
	(133,147),
	(134,148),
	(136,149),
	(137,150),
	(138,151),
	(139,152),
	(140,153),
	(141,154),
	(142,155),
	(143,156),
	(144,157),
	(145,158),
	(146,159),
	(147,160),
	(148,161),
	(149,162),
	(150,163),
	(151,164),
	(152,165),
	(153,166),
	(154,167),
	(155,168),
	(156,169),
	(157,170),
	(158,171),
	(159,172),
	(160,173),
	(161,174),
	(162,175),
	(163,176),
	(164,177);

/*!40000 ALTER TABLE `evidence_links` ENABLE KEYS */;
UNLOCK TABLES;


# Dump of table evidences
# ------------------------------------------------------------

DROP TABLE IF EXISTS `evidences`;

CREATE TABLE `evidences` (
  `id` int(10) unsigned NOT NULL AUTO_INCREMENT,
  `user_id` int(11) DEFAULT NULL,
  `status` enum('true','false','inconclusive') COLLATE utf8_unicode_ci DEFAULT 'true',
  `text` text COLLATE utf8_unicode_ci,
  `created_at` timestamp NULL DEFAULT NULL,
  `updated_at` timestamp NULL DEFAULT NULL,
  `deleted_at` timestamp NULL DEFAULT NULL,
  PRIMARY KEY (`id`),
  KEY `idx_evidences_deleted_at` (`deleted_at`)
) ENGINE=InnoDB DEFAULT CHARSET=utf8 COLLATE=utf8_unicode_ci;

LOCK TABLES `evidences` WRITE;
/*!40000 ALTER TABLE `evidences` DISABLE KEYS */;

INSERT INTO `evidences` (`id`, `user_id`, `status`, `text`, `created_at`, `updated_at`, `deleted_at`)
VALUES
	(37,1,'true','Since the Fall semester of 2011, the university’s Physical Education department has been handing out physical “pirate certificates” to any student — undergraduate or graduate — who has successfully completed courses in archery, fencing, pistol/rifle shooting and sailing.','2018-01-31 00:00:00','2018-01-31 00:00:00',NULL),
	(38,1,'false','This story originated with, and was solely reported by, YourNewsWire, a clickbait fake news site.','2018-01-31 00:00:00','2018-01-31 00:00:00',NULL),
	(39,1,'true','In late January 2018, Jet Set TV, a travel talk show, reported on their Facebook page that an unidentified woman and her emotional support peacock were unable to board their flight out of Newark Liberty International Airport.','2018-01-31 00:00:00','2018-01-31 00:00:00',NULL),
	(40,1,'false','Rumor comes from a false headline attached to a 2015 opinion piece critical of the name change. It is still named President Barack Obama Highway.','2018-01-24 00:00:00','2018-01-24 00:00:00',NULL),
	(41,1,'false','Rumor originated on a satirical website. There is no evidence that he received $500,000 in campaign contributions from immigration advocacy groups.','2018-01-23 00:00:00','2018-01-23 00:00:00',NULL),
	(42,1,'false','The story was first posted on YourNewsWire.com, which has posted fabricated stories about celebrities allegedly espousing conservative views before. ','2018-01-19 00:00:00','2018-01-19 00:00:00',NULL),
	(43,1,'false','Website that describes itself as satirical posted a story claiming that “11 ‘very dangerous men’ who aren’t supposed to be in America at all have been apprehended plotting what would have been our next 9-11.”','2018-01-12 00:00:00','2018-01-12 00:00:00',NULL),
	(44,1,'false','The Food and Drug Administration credits vaccines for the decline of many infectious diseases over the last century, and more than a decade of peer-reviewed studies show there is no link between their use and autism.','2017-11-22 00:00:00','2017-11-22 00:00:00',NULL),
	(45,1,'false','The Walter Reed National Military Medical Center has ended its partnership with a nonprofit organization that pairs service dogs with veterans. It wasn’t a White House decision.','2017-11-16 00:00:00','2017-11-16 00:00:00',NULL),
	(46,1,'false','The website twofeed.org posted a story with the headline “NASA confirms Earth will experience 15 days of darkness in November 2017.” Facebook users flagged this story as potentially fake news. It is.','2018-01-31 00:00:00','2018-01-31 00:00:00',NULL),
	(47,1,'false','Obama, who will be a freshman at Harvard University in the fall, reportedly interned at the American Embassy in Madrid during the summer of 2016, not 2017. And there were no legitimate news reports about her being fired.','2017-08-10 00:00:00','2017-08-10 00:00:00',NULL),
	(48,1,'false','Only senators are eligible for a pension after one term, but it won’t be their full salary.','2018-01-05 00:00:00','2018-01-05 00:00:00',NULL),
	(49,1,'false',' Law enforcement officials believe the mass shooting was motivated by a family dispute, and they are not investigating it as an act of terrorism.','2017-11-08 00:00:00','2017-11-08 00:00:00',NULL),
	(50,1,'true','The Social Security Administration is no longer required to submit the names of certain mentally disabled beneficiaries to a federal agency that conducts gun background checks.','2017-10-06 00:00:00','2017-10-06 00:00:00',NULL),
	(51,1,'false','There is  nothing more remarkable than that he was born two months prematurely in a “singularly bleak-looking bedroom” at Blenheim Palace according to the his Biography written by Roy Jenkins.','2012-03-18 00:00:00','2012-03-18 00:00:00',NULL),
	(52,1,'false','The amount of potassium one takes in from eating a single banana is about 422 mg, while the recommended daily allowance (RDA) of potassium for adults is about 4,700 mg per day. ','2018-01-31 00:00:00','2018-01-31 00:00:00',NULL),
	(53,1,'false','No news accounts, government agencies, or other reliable sources have reported Pepsi or Frooti products being contaminated with HIV-infected blood.','2017-09-19 00:00:00','2017-09-19 00:00:00',NULL),
	(54,1,'false','It was a local restaurant promotion in Minooka, Illinois only in 2014','2018-01-26 00:00:00','2018-01-26 00:00:00',NULL),
	(55,1,'false','Any acidic drink corrodes copper in a mug, which leaches back into the drink, increasing the level of copper in it, which could potentially cause copper poisoning and its associated symptoms.','2018-01-30 00:00:00','2018-01-30 00:00:00',NULL),
	(56,1,'false','Margarine was not invented as a turkey fattener. It was formulated in 1869 by Hippolyte Mège Mouriès of France in response to Napoleon III’s offering of a prize to whoever could succeed at producing a viable low-cost substitute for butter.','2018-01-29 00:00:00','2018-01-29 00:00:00',NULL),
	(57,1,'false','The newspaper didn’t say the FBI issued a general warning about grocery store produce in the affected area (or anywhere else), just that the Michigan Department of Agriculture and Rural Development [MDARD] had advised residents of the Ann Arbor region to discard foods that had been “purchased from salad bars, olive bars and ready-to-eat hot and cold food areas from these stores between mid-March and the end of April”','2017-05-20 00:00:00','2017-05-20 00:00:00',NULL),
	(58,1,'true','Pinnacle Foods recalled several products, including Aunt Jemima pancakes and waffles, over Listeria concerns.','2017-06-29 00:00:00','2017-06-29 00:00:00',NULL),
	(59,1,'false','Fake photos made for click bait stories and wrong advertising by seed sellers.','2018-01-30 00:00:00','2018-01-30 00:00:00',NULL),
	(60,1,'false','Although the discoloration may make bananas seem visually unappealing to consumers, there is no real health risk to humans who eat such bananas.','2018-01-29 00:00:00','2018-01-29 00:00:00',NULL),
	(61,1,'true','The caterpillar excretes a type of chemical defense upon contact (which is more ‘allergenic’ than ‘poisonous’).','2017-09-17 00:00:00','2017-09-17 00:00:00',NULL),
	(62,1,'false','Although the diplocaulus was, indeed, a real animal that lived during the Permian period, the amphibian has not been present on Earth for about a few hundred million years. Therefore, it is highly unlikely that a real, living diplocaulus was captured on camera, the image actually depicts a model of a diplocaulus created by artist Goro Furuta.','2017-09-19 00:00:00','2017-09-19 00:00:00',NULL),
	(63,1,'false','The original photo shows the Beatles singer playing guitar with Wayne “Tex” Gabriel.','2018-01-16 00:00:00','2018-01-16 00:00:00',NULL),
	(64,1,'false','The earliest known use of “Black Friday” in such a context stems from 1951 and referred to the practice of workers calling in sick on the day after Thanksgiving.','2017-11-27 00:00:00','2017-11-27 00:00:00',NULL),
	(65,1,'true','A graphic purportedly showing the messages penned by President Trump and President Obama during their respective visits to Yad Vashem, Israel’s memorial to the victims of the Holocaust, appeared on social media in May 2017.','2017-05-24 00:00:00','2017-05-24 00:00:00',NULL),
	(66,1,'true','On 31 July 2017, reports appeared that a 30-year-old man had died from a fat embolism after undergoing penis enhancement surgery in Sweden.','2017-08-03 00:00:00','2017-08-03 00:00:00',NULL),
	(67,1,'false','The photograph of the killing spree “suspect” that accompanied these articles was previously used online to illustrate a report about a man who was allegedly arrested trying to rob a bank after paying a wizard $500 to make him invisible.','2017-03-22 00:00:00','2017-03-22 00:00:00',NULL),
	(68,1,'true','Estimate from the Pew Research Center reported that Muslims made up about 1% of the total U.S. population in 2015.','2017-09-20 00:00:00','2017-09-20 00:00:00',NULL),
	(69,1,'true','Nine-year-old Logan Autry says his school forced him to remove his \"Make America Great Again\" cap because it upset other students.','2016-06-06 00:00:00','2016-06-06 00:00:00',NULL),
	(70,1,'true','The light show, added in 1985, is considered an artistic display and is indeed protected by copyright. ','2017-03-13 00:00:00','2017-03-13 00:00:00',NULL),
	(71,1,'true','Despite arguing that government benefits constitute an immoral redistribution of wealth, Ayn Rand received Social Security payouts later in life.','2017-06-23 00:00:00','2017-06-23 00:00:00',NULL),
	(72,1,'true','Van Halen\'s standard performance contract contained a provision calling for them to be provided backstage with a bowl of M&Ms from which all the brown candies has been removed.','2017-01-19 00:00:00','2017-01-19 00:00:00',NULL),
	(73,1,'false','The Simpsons image is not from a 2002 episode, rather, the screenshot comes from a short video posted to “The Simpsons” Facebook page on 26 May 2017 (after Trump’s visit to Saudi Arabia). The “picture” can be seen on a wall leading up to the office of Vice President Mike Pence at the 6 second mark of the following video.','2017-06-07 00:00:00','2017-06-07 00:00:00',NULL),
	(74,1,'false',' This photograph has been circulating since at least 2008, when it was posted to Flickr along with the caption “Bull Shark — Rio Sirena River Mouth.','2017-03-29 00:00:00','2017-03-29 00:00:00',NULL),
	(75,1,'false','False claim which ran in the Hurriyet Daily News.','2018-01-18 00:00:00','2018-01-18 00:00:00',NULL),
	(76,1,'true','Hurricane Irma had the effect of drawing water away from stretches of coastline in Florida and the Bahamas.','2017-09-10 00:00:00','2017-09-10 00:00:00',NULL),
	(77,1,'false','Published by “prank” web site BreakingNews365.net, which allows users to create their own fake news stories and carries a disclaimer:','2017-07-17 00:00:00','2017-07-17 00:00:00',NULL),
	(78,1,'true','This practice has been going on for several years.  In 2012, CNN reported that several farmers had started feeding their cattle candy due to a corn shortage:','2017-01-20 00:00:00','2017-01-20 00:00:00',NULL),
	(79,1,'false','The photograph included with the article doesn’t show a 9-year-old who killed his parents after they shut off the Wi-fi. This image actually shows a teenager who was arrested for breaking into cars in September 2015.','2016-06-24 00:00:00','2016-06-24 00:00:00',NULL),
	(80,1,'false','An image showing a Ferguson protester holding a controversial sign is a digital fabrication. The original photograph was taken by Mitch Ryals and was published in the Riverfront Times on 1 October 2014. ','2017-09-24 00:00:00','2017-09-24 00:00:00',NULL),
	(81,1,'true','Although many viewers are familiar only with smaller breeds of chickens (the average broiler chicken weighs about six pounds), some breeds such as the Brahma can grow to weigh close to 20 pounds. ','2017-03-20 00:00:00','2017-03-20 00:00:00',NULL),
	(82,1,'false','A hoax urging service station customers to exercise caution when pumping gas appeared first on the Internet in early June 2000, Although there have been a few isolated reports of copycat pranksters leaving needles in public places (including gas pumps, such as an incident in May 2017) in the wake of this hoax, none of those incidents has involved a needle bearing any traces of HIV.','2017-11-19 00:00:00','2017-11-19 00:00:00',NULL),
	(83,1,'true',' Charles and Elizabeth Koch donated $247,000 apiece to Paul Ryan’s fundraising campaign, “Team Ryan,” according to filings published by investigative journalism outfit ProPublica.','2018-01-25 00:00:00','2018-01-25 00:00:00',NULL),
	(84,1,'false','According to a 15 January 2017 news report from Huntsville television station WAFF, after Pizza Hut investigated the report and determined the incident it described was fabricated.','2018-01-29 00:00:00','2018-01-29 00:00:00',NULL),
	(85,1,'false','The picture was taken at Ali’s training camp in Pennsylvania and shows the legendary fighter with Tiger Smalls, a young boxer who achieved some notoriety for another photograph showing him “punching” the champion.','2017-07-06 00:00:00','2017-07-06 00:00:00',NULL),
	(86,1,'false','It was actually a paraphrase of an opinion expressed by Brett Decker during a radio interview on 5 January 2018.','2018-01-26 00:00:00','2018-01-26 00:00:00',NULL),
	(87,1,'false','This story originated with Ladies of Liberty, a site that is part of a network of fake news sites dedicated to spreading political misinformation under the guise of proffering “satire.”','2017-12-04 00:00:00','2017-12-04 00:00:00',NULL),
	(88,1,'false','Andy Borowitz wrote the satirical news for the New Yorker on Jan. 24, 2018, reporting that Trump’s doctor gave him a note to avoid talking to Mueller','2018-01-24 00:00:00','2018-01-24 00:00:00',NULL),
	(89,1,'false','Flu shots work by introducing dead (inactivated) strains of influenza virus, which trigger your immune system to create antibodies to fight those strains. These antibodies make your body more prepared to fight if should it be exposed to an active strain in the future. Because the strains are inactive, any sickness you develop after the shot is not caused by influenza, according to the Harvard Medical School.','2017-11-29 00:00:00','2017-11-29 00:00:00',NULL),
	(90,1,'true','Caroline Rabbitt Tabler, confirmed the existence of the letters, saying that they were issued “under extreme circumstances.”','2018-01-19 00:00:00','2018-01-19 00:00:00',NULL),
	(91,1,'true','The practice, which is illegal in both India and around the world, does not appear to be widespread outside of India, and no available scientific studies rigorously demonstrate how common its use is in India (or anywhere else).','2018-01-26 00:00:00','2018-01-26 00:00:00',NULL),
	(92,1,'false','The foreground of the image, which shows a field and a few scattered bushes, was taken from a photograph of a Rocca Malatestiana, a fortress on a mountain range in Italy. It was created from two images on Pixabay.','2018-01-29 00:00:00','2018-01-29 00:00:00',NULL),
	(93,1,'false','Ever since the controversial August 2006 decision by the International Astronomical Union (IAU) to downgrade Pluto to a dwarf planet.  It was april fools days joke by Futurism.com ','2017-04-01 00:00:00','2017-04-01 00:00:00',NULL),
	(94,1,'false','The photograph included in Survive Our Collapse’s post is a hoax. The earliest example we could find was in a February 2015 post on the “Gorgeous Active Duty Females – U.S.” Facebook page. ','2018-01-26 00:00:00','2018-01-26 00:00:00',NULL),
	(95,1,'false','Video posted by Fredy Gonzalez, This footage shows a man dressed up in a pope costume at a Halloween party. In the video, you can clearly see Halloween decorations (a large spider and cobwebs) on the ceiling and a couple dressed as skeletons on the dance floor.','2018-01-27 00:00:00','2018-01-27 00:00:00',NULL),
	(96,1,'false','It was a joke referencing not the planning stages of a secret society meeting but a Vladimir Putin-themed calendar. ','2018-01-24 00:00:00','2018-01-24 00:00:00',NULL),
	(97,1,'false','Iceland has a surfeit of men, not women, and the Icelandic government has never offered grants to immigrants for marrying Icelanders, regardless of gender.','2017-05-31 00:00:00','2017-05-31 00:00:00',NULL),
	(98,1,'true','The king Harald who won for himself all Denmark and Norway, and made the Danes Christian, that unity made Bluetooth an appealing working name, since it securely builds networks. It is thought that his nickname was Blåtand (Blátǫnn in Old Norse), meaning Blue Tooth, because he had a dead tooth that had turned bluish.  The name is worked into the logo, as well: in it, you can see the Nordic runes that form the letters H and B, which stand for “Harald” and “Bluetooth.”','2018-01-24 00:00:00','2018-01-24 00:00:00',NULL),
	(99,1,'false','Western Kentucky University\'s Student Government Association voted to give black students \"full and free access\" to the college. The vote was largely intended to be symbolic, and the university has confirmed it will not be implementing it as policy.','2017-04-20 00:00:00','2017-04-20 00:00:00',NULL),
	(100,1,'true','At age 23, his best friend River Phoenix died of a drug overdose. In 1999, the love of his life, Jennifer Syme, was pregnant with their daughter. But the child was stillborn, and it cost them their relationship. 18 months later, Jennifer was killed in a car accident. He attended 4 different high schools and struggled with dyslexia, making education very difficult.','2017-07-17 00:00:00','2017-07-17 00:00:00',NULL),
	(101,1,'false','The President’s daughter has appeared in public on several occasions since the article was posted on 5 January 2018, seemingly in good health. ','2018-01-25 00:00:00','2018-01-25 00:00:00',NULL),
	(102,1,'true','Swedish agency Åkestam Holst, Adweek’s International Agency of the Year for 2017  released and confirmed.','2018-01-09 00:00:00','2018-01-09 00:00:00',NULL),
	(103,1,'false','A Starbucks spokeswoman said Monday that the Facebook post “is completely false” and that Starbucks does not have an employee named Shanell Rivers. ','2018-01-08 00:00:00','2018-01-08 00:00:00',NULL),
	(104,1,'true','There is forum posts as far back as 2003 referenced the phenomenon but there is no clear evidence for purpose and most of the companies accept digital or printed mails according to their return policies.','2017-12-12 00:00:00','2017-12-12 00:00:00',NULL),
	(105,1,'true','Shirts with the phrase \"Free Palestine\" were available for sale on the Sears web site but The shirts were sold by a third-party retailer and they\'re not available at the moment.','2017-01-06 00:00:00','2017-01-06 00:00:00',NULL),
	(106,1,'false','This price surge happened automatically due to algorithms that observed increased demand, and was later stopped by the company. However, the company later apologized.','2017-06-05 00:00:00','2017-06-05 00:00:00',NULL),
	(107,1,'false','The only airlines known to have given this privilege to children born in their metal are Thai Airways, Asia Pacific Airlines, ','2018-01-09 00:00:00','2018-01-09 00:00:00',NULL),
	(108,1,'false','There is no public report for the example of the situation and there is a denial statement declared by federal trade commision.','2018-01-04 00:00:00','2018-01-04 00:00:00',NULL),
	(109,1,'true','Burger King Israel shared an image and a video of a Valentine\'s Day \"adult meal,\" including toys geared to grownups.','2017-02-14 00:00:00','2017-02-14 00:00:00',NULL),
	(110,1,'false','It was modeled after that of another product, Hydrox, which also had an embossed pattern on its face and design evolved over time and there is an article written by American architectural critic Paul Goldberger explains that how the cookie’s form “leaps across stylistic boundaries” to epitomize modernism.','2018-01-11 00:00:00','2018-01-11 00:00:00',NULL),
	(111,1,'true','Nordstrom official web site still has the sale, but it seems to sold out.','2018-01-26 00:00:00','2018-01-26 00:00:00',NULL),
	(112,1,'false','No portion of the fare\'s terms restricts the use of overhead bins, the luggage restriction applies only to a small class of travelers opting in to the fare','2016-12-07 00:00:00','2016-12-07 00:00:00',NULL),
	(113,1,'false','The Local responded to these rumors, explaining that while some businesses may be trying out a 6-hour workday, this change is a purely experimental and voluntary one that has not been mandated by law nor implemented nationwide','2018-01-16 00:00:00','2018-01-16 00:00:00',NULL),
	(114,1,'true','Approved by company on the official blog.','2016-06-13 00:00:00','2016-06-13 00:00:00',NULL),
	(115,1,'true','Official apple site released it.','2016-02-18 00:00:00','2016-02-18 00:00:00',NULL),
	(116,1,'false','This story originated with, and was reported solely by, 8Shit — a fake news site whose disclaimer notes that the site’s content is “fiction”:','2018-01-24 00:00:00','2018-01-24 00:00:00',NULL),
	(117,1,'false','This story originated with Ladies of Liberty, a site that is part of a network of fake news sites.The photograph of an FBI agent and a sheriff that accompanied the article was actually an unrelated picture from a 2016 child abuse investigation.','2018-01-26 00:00:00','2018-01-26 00:00:00',NULL),
	(118,1,'true','The  “Do You Favor Women’s Rights?” statement posted from his verified facebook page.','2018-01-25 00:00:00','2018-01-25 00:00:00',NULL),
	(119,1,'true','She apologized for it and she said it was intended as a “satirical joke.”','2017-01-20 00:00:00','2017-01-20 00:00:00',NULL),
	(120,1,'false','It was filmed in October 2016 at at O’Hare International Airport in Chicago and shows an engine fire on a Boeing 767.','2018-01-25 00:00:00','2018-01-25 00:00:00',NULL),
	(121,1,'false','A satirical article on the web site The Science Post caused confusion in early 2018 by claiming that a new law allowed atheist health care providers to refuse to treat religious patients.The Science Post’s header image clearly states that the site’s content is satirical.','2018-01-24 00:00:00','2018-01-24 00:00:00',NULL),
	(122,1,'false','It’s a satire, in the real transcript, Daniels says she doesn’t remember what Trump ordered for dinner. ','2018-01-24 00:00:00','2018-01-24 00:00:00',NULL),
	(123,1,'false','Neither police in Arkansas nor any legitimate news organization reported such a discovery, and the photograph that accompanied the article was an unrelated picture taken from a 2015 news report about students participating in a “Crime Scene re-enactment day” at West Suffolk College in the UK.','2018-01-24 00:00:00','2018-01-24 00:00:00',NULL),
	(124,1,'false','Claims turned up on a number of disreputable web sites, their point of origin was a consistent purveyor of fake news and political disinformation.','2018-01-23 00:00:00','2018-01-23 00:00:00',NULL),
	(125,1,'false','It’s not legal in the U.K. or Ireland to marry a deceased person, law does not expressly recognize their marriage.She claim that she is legally married—as was reported in the news in January 2018—is false.','2018-01-22 00:00:00','2018-01-22 00:00:00',NULL),
	(126,1,'false','Smasher, a YouTube channel that makes “concept trailers” among other videos, uploaded the trailer on 12 January 2018, calling it a “teaser trailer concept” for a “Jennifer Aniston Friends Reunion Concept.”','2018-01-12 00:00:00','2018-01-12 00:00:00',NULL),
	(127,1,'false','There is no official advertisement created by Netflix. Rumors and false news spread because of the fan fiction poster that posted on facebook. ','2018-01-25 00:00:00','2018-01-25 00:00:00',NULL),
	(128,1,'true','The American Society for the Prevention of Cruelty to Animals (ASPCA) lists essential oils like eucalyptus, orange and lemon (among others) as being among the leading causes for tremors among cats. ','2018-01-25 00:00:00','2018-01-25 00:00:00',NULL),
	(129,1,'false','The real picture was taken at a Pyongyang laver processing factory in 2015.','2018-01-22 00:00:00','2018-01-22 00:00:00',NULL),
	(130,1,'false','It was posted by @RealDonaldTrFan, a parody account that has no official ties to the White House.','2018-01-02 00:00:00','2018-01-02 00:00:00',NULL),
	(131,1,'false','Mueller certainly served in the Vietnam War. However, he is not the man featured in this photograph. This image actually shows Ed Episcopo, a Vietnam veteran who served in the 25th Infantry Division. ','2017-12-17 00:00:00','2017-12-17 00:00:00',NULL),
	(132,1,'false','The BlueDotDaily.com article attached to this claim refers to a controversial tax bill passed in late 2017. A number of readers clearly only saw the headline and believed it to reflect a direct quote made by the President','2017-12-27 00:00:00','2017-12-27 00:00:00',NULL),
	(133,1,'true','At the visual level, with expensive laboratory equipment, you can create snowflakes that look pretty much identical. At the molecular level, the chance of two identical snowflakes is so astronomically low that it is considered impossible.','2018-01-22 00:00:00','2018-01-22 00:00:00',NULL),
	(134,1,'false','They are volunteers who took part in a June 2016 project by two journalists, Sara Cantos and José Luís Sanchez Hachero. Sanchez Hachero photographed the volunteers as they lay on a beach in the Spanish province of Cádiz. ','2017-12-07 00:00:00','2017-12-07 00:00:00',NULL),
	(135,1,'false','The photograph was taken by Matt Clark and published to the Defenders of Wildlife Blog in 2013, second image actually a picture of a fence that Israel built in 2013 third one is photograph of a portion of the Israeli West Bank barrier.','2018-01-02 00:00:00','2018-01-02 00:00:00',NULL),
	(136,1,'false','Lady Gaga’s manager responded to rumors of the singer’s purported hermaphroditism with the brusque statement “This is completely ridiculous.” ','2016-10-02 00:00:00','2016-10-02 00:00:00',NULL),
	(137,1,'true','In February 2017, Shane Patrick Boyle started a GoFundMe campaign to raise money for “a month of insulin.” A few weeks later, he died after developing diabetic ketoacidosis.','2017-11-27 00:00:00','2017-11-27 00:00:00',NULL),
	(138,1,'false','The woman pictured standing alongside President Trump is Yulya Alferova, an entrepreneur and lifestyle blogger. She posted the photograph to her Instagram account on 8 November 2016.','2017-08-07 00:00:00','2017-08-07 00:00:00',NULL),
	(139,1,'false','Zuckerberg announced a plan to address his challenger in 2018','2018-01-24 00:00:00','2018-01-24 00:00:00',NULL),
	(140,1,'true','President Trump signed a proclamation imposing tariffs on solar panels and other solar equipment on January 23, 2018.','2018-01-25 00:00:00','2018-01-25 00:00:00',NULL),
	(141,1,'true','BNR Newsradio, an all-news station in the Netherlands, posted a short video of Lilianne Ploumen posing with the Pontifical Medal on December 22, 2017.','2018-01-22 00:00:00','2018-01-22 00:00:00',NULL),
	(142,1,'false','A fabricated story, which has since been re-reported by various fringe and fake news websites.','2017-11-21 00:00:00','2017-11-21 00:00:00',NULL),
	(143,1,'false','The photograph was originally taken for the cover of Sports Illustrated in February 1964. In the cover story, titled “My $1,000,000 Getaway,”','2017-07-10 00:00:00','2017-07-10 00:00:00',NULL),
	(144,1,'false','So far, this procedure has only been tested on mice, and it is unlikely to make dentistry an obsolete profession.','2018-02-01 00:00:00','2018-02-01 00:00:00',NULL),
	(145,1,'false','This image is a real photograph, but it depicts a lookalike figure and not the real Donald Trump.','2017-01-20 00:00:00','2017-01-20 00:00:00',NULL),
	(146,1,'false','The image displayed above was taken from Worth1000 (now DesignCrowd), a site devoted to hosting contests in which entrants show off their skills at manipulating photographs using digital editing programs. ','2017-12-24 00:00:00','2017-12-24 00:00:00',NULL),
	(147,1,'true','In July 2017, NASA opened applications for the job of Planetary Protection Officer, a role primarily concerned with preventing contamination from Earth to other planets, while the job does have a mandate to prevent extraterrestrial contamination from entering Earth’s biosphere, most of the job involves working with missions to design systems that prevent them from accidentally bringing life with them to other worlds.','2017-08-03 00:00:00','2017-08-03 00:00:00',NULL),
	(148,1,'false','While it is true that the @RudolphGiuliani account was suspended by Twitter after posting several messages about Pizzagate, this account was not verified, and this statement was not posted via any official channels. Giuliani also doesn’t have an official Twitter account.','2016-12-20 00:00:00','2016-12-20 00:00:00',NULL),
	(149,1,'true','Certain national socialist, white nationalist and Nazi Twitter profiles are \"withheld\" from view when viewed by a Twitter user whose country is set to Germany but it\'s not entirely effective, and some Nazi-related accounts and content will persist.','2018-01-11 00:00:00','2018-01-11 00:00:00',NULL),
	(150,1,'false','The claim is completely fabricated. The article swiped an unrelated image from a Reddit thread with the title, “101 years difference.” In that thread, the top-voted comment claimed.','2018-01-24 00:00:00','2018-01-24 00:00:00',NULL),
	(151,1,'false','Photo is taken from the earliest posting of humor website called Guzer.com','2018-01-27 00:00:00','2018-01-27 00:00:00',NULL),
	(152,1,'true','The Canadian government confirmed that a “flood” of visitors from the United States was indeed what had crashed its site.','2017-11-11 00:00:00','2017-11-11 00:00:00',NULL),
	(153,1,'true','Photographer Paul Nicklen posted the video on Facebook, garnering almost 30,000 shares within a week, as well as the attention of the national news media.','2017-12-14 00:00:00','2017-12-14 00:00:00',NULL),
	(154,1,'false','NFL Commissioner Roger Goodell did not impose any fine (much less one of a cool $1 million each) on the Pittsburgh players, nor did he hand down any other form of punishment or announce any disciplinary action against them. Reports of whopping fines supposedly levied against Steelers players are a fiction that originated with America’s Last Line of Defense, a fake news site.','2017-09-24 00:00:00','2017-09-24 00:00:00',NULL),
	(155,1,'false','It  is an art installation (entitled “The Four Seasons of Vivaldi”) created along the road between Haut-bois and Faulx in Namur, Belgium, in 2001 by French conceptual artist/sculptor Patrick Demazeau.','2018-01-24 00:00:00','2018-01-24 00:00:00',NULL),
	(156,1,'false','The footage was captured by filming a television screen showing a CNN report from 13 October 2017. When compared to the actual video available on CNN‘s web site, it’s apparent that the strange visual was caused by the TV screen and not a faux first lady. ','2017-10-19 00:00:00','2017-10-19 00:00:00',NULL),
	(157,1,'false','Lipton answered the rumor via Facebook with a statement and a video of their own.','2016-02-22 00:00:00','2016-02-22 00:00:00',NULL),
	(158,1,'false','The video was originally posted to YouTube by a user named Alexia Bertha, along with a message explaining that she had created the trailer to encourage Netflix to make a reboot of the Addams Family.','2017-06-26 00:00:00','2017-06-26 00:00:00',NULL),
	(159,1,'false','Jay-Z explained that the woman in the footage was actually his good friend music executive Chaka Pilgrim, who is currently the president of Roc Nation Records. A video purportedly showing Jay-Z punching a young girl gets passed around the internet from time to time, in an apparent attempt to smear the musician. This clip first appeared in a 2000 documentary called Backstage about Jay-Z’s Hard Knock Life Tour.','2018-02-02 00:00:00','2018-02-02 00:00:00',NULL),
	(160,1,'true','The web site Smile Politely uncovered photos purportedly showing Jimmy John Liautaud, the founder of Jimmy John’s Gourmet Sandwiches, posing with various dead “trophy” animals, including an elephant and a leopard','2017-10-24 00:00:00','2017-10-24 00:00:00',NULL),
	(161,1,'true','Uma Thurman said she didn\'t want to drive this car. She said she had been warned that there were issues with it. She felt she had to do it anyway. It took her some 15 years to get footage of the crash. ','2018-02-02 00:00:00','2018-02-02 00:00:00',NULL),
	(162,1,'false','The footage of the unusual cloud formation was originally shot in the Canadian town of Grand Falls, New Brunswick and posted online on 1 August 2011 by Denis Laforge.','2017-12-28 00:00:00','2017-12-28 00:00:00',NULL),
	(163,1,'false','It\'s hard to find strong evidence that women are wired to need more sleep than men. ','2017-12-15 00:00:00','2017-12-15 00:00:00',NULL),
	(164,1,'false','This photograph was a staged one created for a series of advertisements in Large magazine’s “For people who think bigger than they are” ad campaign.','2017-12-17 00:00:00','2017-12-17 00:00:00',NULL);

/*!40000 ALTER TABLE `evidences` ENABLE KEYS */;
UNLOCK TABLES;


# Dump of table files
# ------------------------------------------------------------

DROP TABLE IF EXISTS `files`;

CREATE TABLE `files` (
  `id` int(10) unsigned NOT NULL AUTO_INCREMENT,
  `created_at` timestamp NULL DEFAULT NULL,
  `updated_at` timestamp NULL DEFAULT NULL,
  `deleted_at` timestamp NULL DEFAULT NULL,
  `type` varchar(255) COLLATE utf8_unicode_ci DEFAULT NULL,
  `user_id` int(11) DEFAULT NULL,
  `source` text COLLATE utf8_unicode_ci,
  `f1` text COLLATE utf8_unicode_ci,
  PRIMARY KEY (`id`),
  KEY `idx_files_deleted_at` (`deleted_at`)
) ENGINE=InnoDB DEFAULT CHARSET=utf8 COLLATE=utf8_unicode_ci;

LOCK TABLES `files` WRITE;
/*!40000 ALTER TABLE `files` DISABLE KEYS */;

INSERT INTO `files` (`id`, `created_at`, `updated_at`, `deleted_at`, `type`, `user_id`, `source`, `f1`)
VALUES
	(1,'2018-01-31 00:00:00','2018-01-31 00:00:00',NULL,NULL,1,'https://alum.mit.edu/sites/default/files/slice/uploads/2012/03/pirate-certificate.jpg','MIT offers a \"pirate certificate\" to students who complete four physical education courses.'),
	(2,'2018-01-31 00:00:00','2018-01-31 00:00:00',NULL,NULL,1,'https://www.billboard.com/files/media/Justin-Timberlake-Dec-6-2017-2-billboard-1548.jpg','Justin Timberlake said that “The whole concept of mandatory vaccination schedules is un-American.”'),
	(3,'2018-01-31 00:00:00','2018-01-31 00:00:00',NULL,NULL,1,'http://media.graytvinc.com/images/810*810/180130-peacock-img_1561-ac-851p_be6a5ec2bb97266864a820ff1ce06f8f.nbcnews-ux-2880-1000.jpg','A woman seeking to bring her peacock along on a flight as an emotional support animal was denied permission to do so by United Airlines.'),
	(4,'2018-01-24 00:00:00','2018-01-24 00:00:00',NULL,NULL,1,'https://cdn.cnn.com/cnnnext/dam/assets/170809210024-trump-nk.jpg','President Donald Trump ordered the removal of Barack Obama’s name from a Florida highway.'),
	(5,'2018-01-23 00:00:00','2018-01-23 00:00:00',NULL,NULL,1,'https://i1.wp.com/thelastlineofdefense.online/wp-content/uploads/2018/01/russianpeehookers.jpg?resize=678%2C381','Chuck Schumer took $500,000 in donations from immigrant advocacy groups before the government shutdown?'),
	(6,'2018-01-19 00:00:00','2018-01-19 00:00:00',NULL,NULL,1,'https://www.biography.com/.image/t_share/MTE1ODA0OTcxODE3OTI4MjA1/denzel-washington-9524687-2-402.jpg','Denzel Washington called Barack Obama the “criminal-in-chief”'),
	(7,'2018-01-12 00:00:00','2018-01-12 00:00:00',NULL,NULL,1,'http://reaganwasright.com/wp-content/uploads/2017/11/12.-678x381.jpg','11 terrorists arrested in a late-night raid at a mosque.'),
	(8,'2017-11-22 00:00:00','2017-11-22 00:00:00',NULL,NULL,1,'http://cdn3.collective-evolution.com/assets/uploads/2017/02/vaccine-759x500.jpg','Food and Drug Administration announced that vaccines cause autism'),
	(9,'2017-11-16 00:00:00','2017-11-16 00:00:00',NULL,NULL,1,'https://cdn.cnn.com/cnnnext/dam/assets/170809210024-trump-nk.jpg','Did President Donald Trump shut down a service dog training program for veterans?'),
	(10,'2018-01-31 00:00:00','2018-01-31 00:00:00',NULL,NULL,1,'https://www.nasa.gov/sites/default/files/images/nasaLogo-570x450.png','NASA confirmed that there will be 15 days of darkness on Earth in 2018.'),
	(11,'2017-08-10 00:00:00','2017-08-10 00:00:00',NULL,NULL,1,'https://cdn.cnn.com/cnnnext/dam/assets/170823193255-malia-obama-starts-harvard-orig-00000000.jpg','Was Malia Obama fired from an internship for smoking marijuana? Was she arrested for buying marijuana in Chicago?'),
	(12,'2018-01-05 00:00:00','2018-01-05 00:00:00',NULL,NULL,1,'https://cdn.vox-cdn.com/thumbor/VP9gYF7pbGL-iIr8e18QWsT42f0=/0x0:3000x2000/1200x800/filters:focal(1260x760:1740x1240)/cdn.vox-cdn.com/uploads/chorus_image/image/57832329/860603690.jpg.0.jpg','The members of Congress get full pay having served just one term in office.'),
	(13,'2017-11-08 00:00:00','2017-11-08 00:00:00',NULL,NULL,1,'https://img.apmcdn.org/48ac488d7e4f14029580fbedf049b30bd37a1fb5/uncropped/79b57c-20171106-texas-shooting01.jpg','The man who killed more than two dozen people in a rural Texas church trying to start a civil war as a member of antifa'),
	(14,'2017-10-06 00:00:00','2017-10-06 00:00:00',NULL,NULL,1,'https://www.birchgold.com/wp-content/uploads/trump_social-security_1.jpg','President Donald Trump repealed a rule that aims to block some people with mental disorders from buying guns.'),
	(15,'2012-03-18 00:00:00','2012-03-18 00:00:00',NULL,NULL,1,'http://www.telegraph.co.uk/content/dam/technology/2016/01/25/winston-churchill-xlarge_trans_NvBQzQNjv4BqqVzuuqpFlyLIwiB6NTmJwfSVWeZ_vEN7c6bHu2jJnT8.jpg','Winston Churchill was born in a ladies’ room during a dance.'),
	(16,'2018-01-31 00:00:00','2018-01-31 00:00:00',NULL,NULL,1,'https://i5.walmartimages.ca/images/Enlarge/580/6_r/875806_R.jpg','Eating six or seven bananas at once can result in death from a lethal potassium overdose.'),
	(17,'2017-09-19 00:00:00','2017-09-19 00:00:00',NULL,NULL,1,'http://www.pepsicva.com/images/products/pepsi.jpg','A worker at a Pepsi or Frooti plant has contaminated those beverage products by injecting HIV-infected blood into them.'),
	(18,'2018-01-26 00:00:00','2018-01-26 00:00:00',NULL,NULL,1,'https://pbs.twimg.com/profile_images/944201250085785600/1rqYivQu_400x400.jpg','Dunkin\' Donuts is offering free coffee to teachers every Monday in September.'),
	(19,'2018-01-30 00:00:00','2018-01-30 00:00:00',NULL,NULL,1,'https://images-na.ssl-images-amazon.com/images/I/613ctdskyyL._SX355_.jpg','Drinking cocktails from a copper mug might cause copper poisoning.'),
	(20,'2018-01-29 00:00:00','2018-01-29 00:00:00',NULL,NULL,1,'https://cdn0.woolworths.media/content/wowproductimages/large/048019_1.jpg','Margarine was originally manufactured to fatten turkeys.'),
	(21,'2017-05-20 00:00:00','2017-05-20 00:00:00',NULL,NULL,1,'https://i.pinimg.com/originals/13/ed/97/13ed9736504aa2a6b58d6e8238b0dcba.jpg','The FBI has warned all Americans to be cautious of produce at grocery stores that might have been sprayed with poison.'),
	(22,'2017-06-29 00:00:00','2017-06-29 00:00:00',NULL,NULL,1,'https://279173f3.nuajik.io/132-large_default/aunt-jemima-pancake-mix-original.jpg','Did Aunt Jemima Recall Some Frozen Pancake Products Over Listeria Concerns?'),
	(23,'2018-01-30 00:00:00','2018-01-30 00:00:00',NULL,NULL,1,'https://archive.is/NuIJU/ead19f8eb6f489fefa6988df4ce74b386f1a266c.jpg','Photographs show a rare strain of blue strawberries.'),
	(24,'2018-01-29 00:00:00','2018-01-29 00:00:00',NULL,NULL,1,'https://img.aws.livestrongcdn.com/ls-1200x630/cme/cme_public_images/www_livestrong_com/photos.demandstudios.com/getty/article/225/171/178532778_XS.jpg','Discolored Bananas Are Dangerous to Humans?'),
	(25,'2017-09-17 00:00:00','2017-09-17 00:00:00',NULL,NULL,1,'http://www.metroparks.net/wp-content/uploads/2016/10/Lophocampa_Craig-Biegler-1080px.jpg','Black and white caterpillars can cause severe allergic reactions in some people who touch them.'),
	(26,'2017-09-19 00:00:00','2017-09-19 00:00:00',NULL,NULL,1,'https://us-east-1.tchyn.io/snopes-production/uploads/2016/05/salamander.jpg','A photograph shows a real hammerhead salamander.'),
	(27,'2018-01-16 00:00:00','2018-01-16 00:00:00',NULL,NULL,1,'http://3.bp.blogspot.com/-ZZm_p-Gecq0/UE5Qwrq6YRI/AAAAAAAADDI/WeyF8t1eZyk/s720/Lennon%2520and%2520Che.jpg','A photograph shows John Lennon and Che Guevara playing guitar together.'),
	(28,'2017-11-27 00:00:00','2017-11-27 00:00:00',NULL,NULL,1,'https://ticketcrusader.com/wp-content/uploads/2017/11/black-friday.jpg','The term \"Black Friday\" originated with the practice of selling off slaves on the day after Thanksgiving.'),
	(29,'2017-05-24 00:00:00','2017-05-24 00:00:00',NULL,NULL,1,'https://us-east-1.tchyn.io/snopes-production/uploads/2017/05/yad-vashem.jpg','President Trump and President Obama wrote in the Yad Yashem guest book.'),
	(30,'2017-08-03 00:00:00','2017-08-03 00:00:00',NULL,NULL,1,'https://www.thelocal.se/userdata/images/article/3a24578c504887996de037d2912b2e5675ec03761fb4b4aa5079b73d53b65086.jpg','Man in Sweden Died From Penis Enhancement Surgery'),
	(31,'2017-03-22 00:00:00','2017-03-22 00:00:00',NULL,NULL,1,'https://factualfacts.com/wp-content/uploads/2013/01/wizard-bank-robber.jpg','Man on Crystal Meth Kills 12 Neighbors, Thinking They\'re Zombies?'),
	(32,'2017-09-20 00:00:00','2017-09-20 00:00:00',NULL,NULL,1,'http://www.khaleejmag.com/wp-content/uploads/2015/04/Increasing-rate-of-Muslim-population-in-US.jpg','Muslims comprise 1% of the U.S. population'),
	(33,'2016-06-06 00:00:00','2016-06-06 00:00:00',NULL,NULL,1,'http://www.fresnobee.com/news/local/tfvfsi/picture82160352/alternates/LANDSCAPE_1140/JRW%20TRUMP%20LOGAN%20AUTRY','An elementary school in Fresno, California, forced a third-grader to remove a cap bearing Donald Trump\'s campaign slogan.'),
	(34,'2017-03-13 00:00:00','2017-03-13 00:00:00',NULL,NULL,1,'https://www.thesun.co.uk/wp-content/uploads/2017/10/nintchdbpict000004176758.jpg?strip=all&w=960','It is illegal to take photographs of the Eiffel Tower at night without explicit permission.'),
	(35,'2017-06-23 00:00:00','2017-06-23 00:00:00',NULL,NULL,1,'https://atlassociety.org/images/AynRand-images/aynrand.jpg','The \"Atlas Shrugged\" author called government handouts \"immoral\" received Social Security Benefits?'),
	(36,'2017-01-19 00:00:00','2017-01-19 00:00:00',NULL,NULL,1,'https://www.rockhall.com/sites/default/files/styles/opengraph_crop_from_top/public/vanhalen_002.jpg?itok=pdZ7lGl_','Van Halen\'s Concert Contract Required No Brown M&Ms?'),
	(37,'2017-06-07 00:00:00','2017-06-07 00:00:00',NULL,NULL,1,'https://scontent-amt2-1.xx.fbcdn.net/v/t1.0-9/18767830_1883136918678098_5982752633674581697_n.jpg?oh=0877b6fdd8a126f6439fb22d500878c7&oe=5B18B9D8','\"The Simpsons\" depicted that President Donald Trump would touch a glowing orb fifteen years before he actually did so during a trip to the Middle East'),
	(38,'2017-03-29 00:00:00','2017-03-29 00:00:00',NULL,NULL,1,'http://kmov.images.worldnow.com/images/14267869_G.jpg','A photograph shows two great white sharks swimming in the Mississippi River.'),
	(39,'2018-01-18 00:00:00','2018-01-18 00:00:00',NULL,NULL,1,'https://tctechcrunch2011.files.wordpress.com/2018/01/screen-shot-2018-01-18-at-12-38-54-pm.png?w=738','Mark Zuckerberg\'s $150 million ultra-luxury super yacht.'),
	(40,'2017-09-10 00:00:00','2017-09-10 00:00:00',NULL,NULL,1,'https://i2-prod.mirror.co.uk/incoming/article11143253.ece/ALTERNATES/s615b/As-Irma-approaches-the-water-level-drops-then-rises-Miami-beach-showing-3ft-drop.jpg','Did Hurricane Irma Draw the Water Away from Beaches in Florida and the Bahamas?'),
	(41,'2017-07-17 00:00:00','2017-07-17 00:00:00',NULL,NULL,1,'https://us-east-1.tchyn.io/snopes-production/uploads/2017/07/prank-fb-post.jpg?resize=600,466','Dead Bigfoot Confirmed at Elephant Butte Lake, NM?'),
	(42,'2017-01-20 00:00:00','2017-01-20 00:00:00',NULL,NULL,1,'https://www.dairyherd.com/sites/default/files/OKState%2520Cattle%2520Feed%2520Skittles.jpg','Farmers feed their cows with candy, such as Skittles.'),
	(43,'2016-06-24 00:00:00','2016-06-24 00:00:00',NULL,NULL,1,'https://i2.wp.com/www.hoaxorfact.com/wp-content/uploads/2016/06/9-Year-Old-Murders-Parents-After-They-Turn-Off-WiFi-for-Punishment.jpg?fit=600%2C300','A 9-year-old killed his parents after they turned off wi-fi in their home.'),
	(44,'2017-09-24 00:00:00','2017-09-24 00:00:00',NULL,NULL,1,'https://img.buzzfeed.com/buzzfeed-static/static/2014-12/3/14/enhanced/webdr02/enhanced-30336-1417635687-21.jpg?downsize=715:*&output-format=auto&output-quality=auto','Protester holding a \"No mother should have to fear for her son\'s life every time he robs a store\" sign '),
	(45,'2017-03-20 00:00:00','2017-03-20 00:00:00',NULL,NULL,1,'https://i.ytimg.com/vi/tB_YYEZxsBY/maxresdefault.jpg','Is This Footage of a Giant Chicken Real?'),
	(46,'2017-11-19 00:00:00','2017-11-19 00:00:00',NULL,NULL,1,'https://us-east-1.tchyn.io/snopes-production/uploads/2017/05/hypodermic_needle_gas_pump_fb.jpg?resize=865,452','Are Motorists Finding HIV-Infected Needles on Gas Pump Handles?'),
	(47,'2018-01-25 00:00:00','2018-01-25 00:00:00',NULL,NULL,1,'http://ww1.hdnux.com/photos/55/14/51/11848276/9/920x920.jpg','Charles and Elizabeth Koch contributed nearly $500,000 to Paul Ryan’s fundraising committee after successfully passing the GOP tax plan in the United States House of Representatives.'),
	(48,'2018-01-29 00:00:00','2018-01-29 00:00:00',NULL,NULL,1,'https://upload.wikimedia.org/wikipedia/en/thumb/d/d2/Pizza_Hut_logo.svg/1200px-Pizza_Hut_logo.svg.png','Did a Pizza Hut Manager Disparage U.S. Servicemembers?'),
	(49,'2017-07-06 00:00:00','2017-07-06 00:00:00',NULL,NULL,1,'https://us-east-1.tchyn.io/snopes-production/uploads/2017/07/muhammad-ali-and-not-michael-jackson.jpg?w=600','Muhammad Ali With a Young Michael Jackson?'),
	(50,'2018-01-26 00:00:00','2018-01-26 00:00:00',NULL,NULL,1,'https://archive.is/FElFc/a54bcc2757cb0dad6df826a2e6be466f1486b4ed.jpg','Did Dolly Parton Say: \'Trump In One Year Is Already Better Than 16 Years of Bush, Obama Put Together’?'),
	(51,'2017-12-04 00:00:00','2017-12-04 00:00:00',NULL,NULL,1,'http://ladiesofliberty.net/wp-content/uploads/2017/12/22news-update-screen-678x381.jpg','Will Robert Mueller Be Forced to Resign Over an Affair with Nancy Pelosi?'),
	(52,'2018-01-24 00:00:00','2018-01-24 00:00:00',NULL,NULL,1,'https://media.newyorker.com/photos/5a68a78cc14dd261a822f5ef/master/w_649,c_limit/Borowitz-Dr-Ronny-Jackson.jpg','Did Trump\'s Doctor Say the President Was \'Too Sick to Talk to Mueller\'?'),
	(53,'2017-11-29 00:00:00','2017-11-29 00:00:00',NULL,NULL,1,'https://d2ebzu6go672f3.cloudfront.net/media/content/images/RealityVsPercetption_dreamstime_m_40452730.jpg','The flu shot makes you sick to begin with.'),
	(54,'2018-01-19 00:00:00','2018-01-19 00:00:00',NULL,NULL,1,'http://media.arkansasonline.com/img/photos/2017/12/07/AP17341548566987_t630.jpg?30004eeab9fb5f824ff65e51d525728c55cf3980','Did Sen. Tom Cotton Issue a \'Cease and Desist\' Letter to a Constituent?'),
	(55,'2018-01-26 00:00:00','2018-01-26 00:00:00',NULL,NULL,1,'https://i.ytimg.com/vi/MzUQYyekeSc/hqdefault.jpg','Are Farmers Injecting Fruits and Vegetables with Oxytocin?'),
	(56,'2018-01-29 00:00:00','2018-01-29 00:00:00',NULL,NULL,1,'https://us-east-1.tchyn.io/snopes-production/uploads/2018/01/elephant-collage-1.jpg','A photograph shows a mountain that closely resembles a frozen elephant.'),
	(57,'2017-04-01 00:00:00','2017-04-01 00:00:00',NULL,NULL,1,'https://img.purch.com/h/1000/aHR0cDovL3d3dy5zcGFjZS5jb20vaW1hZ2VzL2kvMDAwLzA0OC85OTkvb3JpZ2luYWwvcGx1dG8tbmV3LWhvcml6b25zLWp1bHktMjAxNS5qcGc=','Has Pluto Been Officially Reclassified as a Planet?'),
	(58,'2018-01-26 00:00:00','2018-01-26 00:00:00',NULL,NULL,1,'https://us-east-1.tchyn.io/snopes-production/uploads/2018/01/26733723_1558789320908075_943321320648198938_n.jpg','Do People in Sweden Have to Sign a \'Consent Form\' Before Having Sex?'),
	(59,'2018-01-27 00:00:00','2018-01-27 00:00:00',NULL,NULL,1,'https://i.ytimg.com/vi/NnIHrzyFI24/hqdefault.jpg','A video shows Pope Francis dancing merengue.'),
	(60,'2018-01-24 00:00:00','2018-01-24 00:00:00',NULL,NULL,1,'http://www.ronpaullibertyreport.com/uploads/2/7/6/1/27619303/fbi-0_orig.jpg','Do FBI Agents Have an Anti-Trump \'Secret Society\'?'),
	(61,'2017-05-31 00:00:00','2017-05-31 00:00:00',NULL,NULL,1,'http://www.chatelaine.com/wp-content/uploads/2016/10/Miss-Iceland-feature-660x578.png','Does Iceland Pay $5,000 Per Month to Immigrants Who Marry Icelandic Women?'),
	(62,'2018-01-24 00:00:00','2018-01-24 00:00:00',NULL,NULL,1,'https://www.techworm.net/wp-content/uploads/2016/07/Logo-Runes.jpg','Is \'Bluetooth\' Technology Named After a Viking King?'),
	(63,'2017-04-20 00:00:00','2017-04-20 00:00:00',NULL,NULL,1,'http://regents.eku.edu/sites/regents.eku.edu/files/imagecache/page_header_preset/page_header_images/20110822first-day0098_header.jpg','Is a Kentucky University Giving Black Students Free Tuition as an \"Apology\" for Slavery?'),
	(64,'2017-07-17 00:00:00','2017-07-17 00:00:00',NULL,NULL,1,'http://www.media2.hw-static.com/media/2017/07/wenn_keanureeves_071217_1800x1200-1800x1200.jpg','Keanu Reeves overcame a series of tragic events in his life, before and after becoming a wealthy movie star.'),
	(65,'2018-01-25 00:00:00','2018-01-25 00:00:00',NULL,NULL,1,'https://www.thesun.co.uk/wp-content/uploads/2017/02/nintchdbpict000322582124.jpg?strip=all&w=960','Was Ivanka Trump Critically Injured After Being Shot by a Sniper?'),
	(66,'2018-01-09 00:00:00','2018-01-09 00:00:00',NULL,NULL,1,'http://www.thatsmags.com/image/view/201703/IKEA2.jpeg','IKEA released a magazine ad which includes a pregnancy test.'),
	(67,'2018-01-08 00:00:00','2018-01-08 00:00:00',NULL,NULL,1,'https://img.112.international/original/2018/01/30/270648.jpg','A woman named Shanell Rivers put blood and dog feces into various products at a Starbucks in Atlanta.'),
	(68,'2017-12-12 00:00:00','2017-12-12 00:00:00',NULL,NULL,1,'https://www.pandapaperroll.com/wp-content/uploads/2015/12/faded-receipt.webp','Retailers are using \"disappearing ink\" on receipts to limit or enforce a strict window on returns.'),
	(69,'2017-01-06 00:00:00','2017-01-06 00:00:00',NULL,NULL,1,'https://cbsla.files.wordpress.com/2017/06/palestine.jpg?w=420&h=420','Sears sold \'Free Palestine\' shirts on its web site.'),
	(70,'2017-06-05 00:00:00','2017-06-05 00:00:00',NULL,NULL,1,'http://www.metronews.ca/content/dam/thestar/uploads/2017/3/7/uber-taxi-for-web.jpg','Uber purposely increased its prices in parts of London around the time of a terror attack in June 2017'),
	(71,'2018-01-09 00:00:00','2018-01-09 00:00:00',NULL,NULL,1,'http://www.bravotv.com/sites/nbcubravotv/files/styles/blog-post--mobile/public/field_blog_image/2017/04/jet-set-turkish-airlines-baby.jpg?itok=qxLMLAph&timestamp=1491927175','Babies born in-flight are given free air travel by all the airline firms for the rest of their lives.'),
	(72,'2018-01-04 00:00:00','2018-01-04 00:00:00',NULL,NULL,1,'https://i.ytimg.com/vi/cYWHqha2wfk/maxresdefault.jpg','Entering your PIN in reverse at any ATM will automatically summon the police. '),
	(73,'2017-02-14 00:00:00','2017-02-14 00:00:00',NULL,NULL,1,'https://thoughtcatalog.files.wordpress.com/2017/02/screen-shot-2017-02-14-at-9-08-36-am.png?w=1024&h=575&resize=1024,575&quality=95&strip=all&crop=1','Burger King has introduced a new \"adult meal\" for Valentine\'s Day that includes a sex toy in Israel.'),
	(74,'2018-01-11 00:00:00','2018-01-11 00:00:00',NULL,NULL,1,'http://oreos.us/images/33.jpg','Is there a secret symbolism on Oreo Cookies?'),
	(75,'2018-01-26 00:00:00','2018-01-26 00:00:00',NULL,NULL,1,'https://n.nordstrommedia.com/ImageGallery/store/product/Zoom/10/_13472170.jpg?crop=pad&pad_color=FFF&format=jpeg&w=391&h=600&quality=70','Nordstrom sells a rock in a leather pouch for $85, and a smaller version for $65.'),
	(76,'2016-12-07 00:00:00','2016-12-07 00:00:00',NULL,NULL,1,'https://timedotcom.files.wordpress.com/2017/04/united.jpg','United Airlines will begin charging for overhead bin space.	'),
	(77,'2018-01-16 00:00:00','2018-01-16 00:00:00',NULL,NULL,1,'https://upload.wikimedia.org/wikipedia/commons/thumb/4/4c/Flag_of_Sweden.svg/1200px-Flag_of_Sweden.svg.png','The country of Sweden is officially moving to a 6-hour workday.'),
	(78,'2016-06-13 00:00:00','2016-06-13 00:00:00',NULL,NULL,1,'https://media-cdn.tripadvisor.com/media/photo-o/0e/cd/51/e3/jetblue-airways.jpg','JetBlue is offering free flights to Orlando for family members and partners of the victims of the Pulse Nightclub shooting.'),
	(79,'2016-02-18 00:00:00','2016-02-18 00:00:00',NULL,NULL,1,'https://img.purch.com/o/aHR0cDovL3d3dy5sYXB0b3BtYWcuY29tL2ltYWdlcy93cC9wdXJjaC1hcGkvaW5jb250ZW50LzIwMTEvMDgvdGltX2Nvb2tfY2VvX3NmLmpwZw==','Apple CEO Tim Cook wrote an open letter to customers explaining why the company was fighting a court order to unlock an iPhone tied to the San Bernardino attack.        '),
	(80,'2018-01-24 00:00:00','2018-01-24 00:00:00',NULL,NULL,1,'https://i2.wp.com/www.8shit.net/assets/2018/01/real-doll-harmony-instagram-640x480.jpg?resize=640%2C480&ssl=1','A woman posing as a \"sex robot\" became pregnant and filed a child support claim against her unsuspecting customer.'),
	(81,'2018-01-26 00:00:00','2018-01-26 00:00:00',NULL,NULL,1,'https://archive.is/kXorS/745c1b63ac68b8e8e2e62143d198397e2136c3b7.jpg','The FBI found $4 million in cash and two bodies in a storage unit belonging to the Democratic mayor of a Missouri town.'),
	(82,'2018-01-25 00:00:00','2018-01-25 00:00:00',NULL,NULL,1,'https://s3.amazonaws.com/assets.forward.com/images/cropped/screen-shot-2018-01-26-at-10754-pm-1516990165.png','A Republican candidate for U.S. Senate for Missouri, Courtland Sykes, said he \"supports women’s rights\" but not if that means women become \"career obsessed banshees who forego home life and children and the happiness of family to become nail-biting manophobic hell-bent feminist she devils.\"'),
	(83,'2017-01-20 00:00:00','2017-01-20 00:00:00',NULL,NULL,1,'https://media1.fdncms.com/sevendaysvt/imager/u/original/3970940/wick_3.jpg','Heather Wick joked about having a slave as a maid in a Facebook post.'),
	(84,'2018-01-25 00:00:00','2018-01-25 00:00:00',NULL,NULL,1,'https://ichef-1.bbci.co.uk/news/720/cpsprodpb/14A35/production/_92133548_p04dhp18.jpg','A video shows an American Airline airplane on fire in January 2018.'),
	(85,'2018-01-24 00:00:00','2018-01-24 00:00:00',NULL,NULL,1,'https://archive.is/mGXnF/d1c59faa87e70181256d0f3659e62bab47e083cf.jpg','A new law in Mississippi makes it legal for atheist doctors and nurses to refuse care to religious patients.'),
	(86,'2018-01-24 00:00:00','2018-01-24 00:00:00',NULL,NULL,1,'https://us-east-1.tchyn.io/snopes-production/uploads/2018/01/stormy-vs-stormy.jpg','Stormy Daniels said in an interview that Donald Trump ordered little pizzas as toppings on a regular-sized pizza.'),
	(87,'2018-01-24 00:00:00','2018-01-24 00:00:00',NULL,NULL,1,'http://images.archant.co.uk/polopoly_fs/1.3953966.1423750320!/image/image.jpg_gen/derivatives/landscape_630/image.jpg','The body of the Clintons\' former housekeeper was found by Arkansas police.'),
	(88,'2018-01-23 00:00:00','2018-01-23 00:00:00',NULL,NULL,1,'https://archive.is/F0vor/e6afcedce92415ec2717e97160d130605d1ee699.jpg','First Lady Melania Trump banned the White House staff from receiving flu shots.'),
	(89,'2018-01-22 00:00:00','2018-01-22 00:00:00',NULL,NULL,1,'http://s.newsweek.com/sites/www.newsweek.com/files/styles/full/public/2018/01/22/amanda-teague.jpg','Did an Irish Woman Legally Marry the Ghost of a Pirate From the 1700s?'),
	(90,'2018-01-12 00:00:00','2018-01-12 00:00:00',NULL,NULL,1,'http://img2.tvtome.com/i/u/0aa3afb3cbe3468fc6e43e50070b0810.png','\"Friends\" tv show movie.'),
	(91,'2018-01-25 00:00:00','2018-01-25 00:00:00',NULL,NULL,1,'http://www.tt.com/csp/cms/sites/dt.common.streams.StreamServer.cls?STREAMOID=nKUAmvvoU155Vb5oSbScLs$daE2N3K4ZzOUsqbU5sYvY7W1LDpl0S9Qb4hhmcCAjWCsjLu883Ygn4B49Lvm9bPe2QeMKQdVeZmXF$9l$4uCZ8QDXhaHEp3rvzXRJFdy0KqPHLoMevcTLo3h8xh70Y6N_U_CryOsw6FTOdKL_jpQ-&CONTENTTYPE=image/jpeg','Netflix creating a new \'Harry Potter\' television series.'),
	(92,'2018-01-25 00:00:00','2018-01-25 00:00:00',NULL,NULL,1,'https://news.nationalgeographic.com/content/dam/news/photos/000/755/75552.ngsversion.1422285553360.adapt.1900.1.jpg','Essential oils can be poisonous to cats.'),
	(93,'2018-01-22 00:00:00','2018-01-22 00:00:00',NULL,NULL,1,'https://pbs.twimg.com/media/DS-FNdBXUAgySU9.jpg','Is This Kim Jong-Un Reading \'Fire and Fury\'?'),
	(94,'2018-01-02 00:00:00','2018-01-02 00:00:00',NULL,NULL,1,'https://cdn.business2community.com/wp-content/uploads/2018/01/27813877314_dc978d61b3_b-2.jpg','President Donald Trump posted a suggestive comment on Twitter about his daughter\'s \"skintight\" dress.'),
	(95,'2017-12-17 00:00:00','2017-12-17 00:00:00',NULL,NULL,1,'https://www.flickr.com/photos/episcopo/8688464145','A photograph shows Robert Mueller in Vietnam in 1969.'),
	(96,'2017-12-27 00:00:00','2017-12-27 00:00:00',NULL,NULL,1,'https://archive.is/zHEuG/734107c1d5b85485d281f88e78814cfeaf6a6569.png','President Trump said police and firefighters make too much money in order to justify eliminating some of their tax deductions.'),
	(97,'2018-01-22 00:00:00','2018-01-22 00:00:00',NULL,NULL,1,'http://www.snowcrystals.com/science/i0118a097c1a2.jpg','No two snowflakes are exactly alike.'),
	(98,'2017-12-07 00:00:00','2017-12-07 00:00:00',NULL,NULL,1,'https://i1.wp.com/www.forocoatza.com/wp-content/uploads/2017/12/noticias-falsas-1.jpg?resize=600%2C450','50 dead bodies were found off the coast of Cancún in Mexico.'),
	(99,'2018-01-02 00:00:00','2018-01-02 00:00:00',NULL,NULL,1,'https://i.pinimg.com/originals/37/18/cd/3718cd4878fe51ece1ae0f2c0fa294fc.jpg','Photographs show a border fence between the countries of Mexico and Guatemala.'),
	(100,'2016-10-02 00:00:00','2016-10-02 00:00:00',NULL,NULL,1,'https://hips.hearstapps.com/hbz.h-cdn.co/assets/16/45/1600x1200/sd-aspect-1478793201-hbz-lady-gaga-dec-jan-2017-00-index2.jpg?resize=480:*','Pop star Lady Gaga is an \'hermaphrodite.\''),
	(101,'2017-11-27 00:00:00','2017-11-27 00:00:00',NULL,NULL,1,'https://www.healthline.com/hlcmsresource/images/00_Diabetes-Mine/Product-Shots/Insulin/InsulinPrices/InsulinAccessDeaths/ShanePatrickBoyle.jpeg','A man named Shane Patrick Boyle died shortly after starting a GoFundMe fundraiser for insulin.'),
	(102,'2017-08-07 00:00:00','2017-08-07 00:00:00',NULL,NULL,1,'http://hoax.trendolizer.com/assets_c/2017/07/6656132-thumb-300xauto-5806043.jpg','President Trump posing beside Kremlin-linked lawyer Natalia Veselnitskaya.'),
	(103,'2018-01-24 00:00:00','2018-01-24 00:00:00',NULL,NULL,1,'https://scontent-amt2-1.xx.fbcdn.net/v/t34.0-12/16176889_112685309244626_578204711_n.jpg?oh=6afe981bf0a2c8310d0924fe9d01317a&oe=5A7693A8','Mark Zuckerberg Retires from Facebook in 2018'),
	(104,'2018-01-25 00:00:00','2018-01-25 00:00:00',NULL,NULL,1,'https://static.politico.com/dims4/default/f9e3548/2147483647/resize/1160x>/quality/90/?url=https%3A%2F%2Fstatic.politico.com%2F1c%2F38%2F286347804fb3a4c4462ac2c3a8cd%2F180130-trump-4-gty-1160.jpg','Donald Trump Imposes 30% Tariffs on Solar Panel Imports'),
	(105,'2018-01-22 00:00:00','2018-01-22 00:00:00',NULL,NULL,1,'https://timedotcom.files.wordpress.com/2017/10/gettyimages-859263204.jpg','Pope Francis Gives Pontifical Medal to Pro-Abortion Dutch Activist Lilianne Ploumen'),
	(106,'2017-11-21 00:00:00','2017-11-21 00:00:00',NULL,NULL,1,'https://upload.wikimedia.org/wikipedia/commons/7/72/Sandra_Bullock_%289189702847%29.jpg','Sandra Bullock said if Hillary Clinton doesn’t like President Trump, she can “Leave and never come back again.”'),
	(107,'2017-07-10 00:00:00','2017-07-10 00:00:00',NULL,NULL,1,'https://us-east-1.tchyn.io/snopes-production/uploads/2017/07/muhammad_ali_winnings_feature.jpg?resize=865,452','A photograph shows Muhammad Ali with all of his winnings in 1964.'),
	(108,'2018-02-01 00:00:00','2018-02-01 00:00:00',NULL,NULL,1,'http://www.pmdc-dental.com/sites/default/files/20140124_1_0.jpg','Scientists Discover A Drug That Regenerates Teeth?'),
	(109,'2017-01-20 00:00:00','2017-01-20 00:00:00',NULL,NULL,1,'https://static.independent.co.uk/s3fs-public/styles/story_medium/public/thumbnails/image/2016/12/09/15/alison-jackson-donald-trump-kkk.jpg','President Donald Trump was pictured at a cross burning with the KKK.'),
	(110,'2017-12-24 00:00:00','2017-12-24 00:00:00',NULL,NULL,1,'https://i.ytimg.com/vi/w7dv4OjGOdY/maxresdefault.jpg','The skeleton of a giant human was uncovered during gas exploration in Saudi Arabia.'),
	(111,'2017-08-03 00:00:00','2017-08-03 00:00:00',NULL,NULL,1,'https://www.nasa.gov/sites/default/files/thumbnails/image/nasa-logo-web-rgb_0.gif','Is NASA Hiring Someone to Protect Earth from Aliens?'),
	(112,'2016-12-20 00:00:00','2016-12-20 00:00:00',NULL,NULL,1,'https://upload.wikimedia.org/wikipedia/commons/3/3e/Rudy_Giuliani.jpg','Former New York City mayor Rudy Giuliani was suspended from Twitter after sending messages about Pizzagate.'),
	(113,'2018-01-11 00:00:00','2018-01-11 00:00:00',NULL,NULL,1,'http://www.thatsnonsense.com/wp-content/uploads/2017/03/twitter-nazi.jpg','Does Setting Your Twitter Location to Germany Block Nazi Content?'),
	(114,'2018-01-24 00:00:00','2018-01-24 00:00:00',NULL,NULL,1,'http://i.imgur.com/AVFckA4.jpg','A 101-year-old Italian woman gave birth after an ovarian transplant.	'),
	(115,'2018-01-27 00:00:00','2018-01-27 00:00:00',NULL,NULL,1,'http://i.dailymail.co.uk/i/pix/2012/12/09/article-2245622-166F2D5C000005DC-988_634x418.jpg','Live Panda Flown from China to U.S. in Business Class?'),
	(116,'2017-11-11 00:00:00','2017-11-11 00:00:00',NULL,NULL,1,'https://i.cbc.ca/1.3844579.1478739458!/fileImage/httpImage/image.jpg_gen/derivatives/16x9_620/not-my-president.jpg','Americans crashed Canada\'s immigration web site immediately after Donald Trump was elected.'),
	(117,'2017-12-14 00:00:00','2017-12-14 00:00:00',NULL,NULL,1,'https://pmdvod.nationalgeographic.com/NG_Video/483/339/smpost_1514311037295.jpg','Does a Viral Video Show a Polar Bear Starving to Death?'),
	(118,'2017-09-24 00:00:00','2017-09-24 00:00:00',NULL,NULL,1,'https://www.gannett-cdn.com/-mm-/cf6686245c2123254e1c7bb9c32f5aa833e6b41e/c=0-570-5561-3712&r=x1683&c=3200x1680/local/-/media/2017/12/31/USATODAY/USATODAY/636503484962738487-USP-NFL-LOS-ANGELES-CHARGERS-AT-NEW-YORK-JETS-96188261.JPG','NFL Fines Pittsburgh Steelers $1M Each for Skipping National Anthem?'),
	(119,'2018-01-24 00:00:00','2018-01-24 00:00:00',NULL,NULL,1,'https://us-east-1.tchyn.io/snopes-production/uploads/2015/07/chairs.jpg?resize=612%2C372','Wedding in Poland that was called off due to the onset of World War II in 1939'),
	(120,'2017-10-19 00:00:00','2017-10-19 00:00:00',NULL,NULL,1,'http://static5.businessinsider.com/image/59e908589099245b018b5934-506-253/heres-why-people-on-twitter-think-melania-trump-was-replaced-by-a-body-double--and-why-theyre-wrong.jpg','A video shows a \"fake\" Melania Trump standing next to the president.'),
	(121,'2016-02-22 00:00:00','2016-02-22 00:00:00',NULL,NULL,1,'https://www.youtube.com/watch?v=ogZjbsE_sgg','There are small worms in bags of Lipton tea.'),
	(122,'2017-06-26 00:00:00','2017-06-26 00:00:00',NULL,NULL,1,'https://art-s.nflximg.net/86bb6/60f50e550f0a7549dcf13573249dfe0281886bb6.jpg','Is Netflix Rebooting the \'Addams Family?\' Series?'),
	(123,'2018-02-02 00:00:00','2018-02-02 00:00:00',NULL,NULL,1,'http://gotnews.com/wp-content/uploads/2016/11/jayz740-740x400.png','Jay-Z recently punched a 12-year-old girl after she tried to take his picture.'),
	(124,'2017-10-24 00:00:00','2017-10-24 00:00:00',NULL,NULL,1,'http://www.smilepolitely.com/images/uploads/splog/2011jun/elephant_1.png','Is the Owner of Jimmy John\'s a Big-Game Hunter?'),
	(125,'2018-02-02 00:00:00','2018-02-02 00:00:00',NULL,NULL,1,'http://pics.imcdb.org/0is269/killbill2karmannghia6.3438.jpg','Uma thurman\'s car crash footage from Kill Bill'),
	(126,'2017-12-28 00:00:00','2017-12-28 00:00:00',NULL,NULL,1,'https://i2.wp.com/media.globalnews.ca/videostatic/383/526/FakeFaceVidNB_848x480_1044078659854.jpg?w=670&quality=70&strip=all','Hurricane Irma Created \'Cloud Face\'?'),
	(127,'2017-12-15 00:00:00','2017-12-15 00:00:00',NULL,NULL,1,'https://www.helpguide.org/images/sleep/sleeping-woman-500.jpg','Women need more sleep than men'),
	(128,'2017-12-17 00:00:00','2017-12-17 00:00:00',NULL,NULL,1,'https://afrocityblog.files.wordpress.com/2009/07/irony1.jpg?w=665&h=540','Photograph shows a KKK member being treated by an all-black emergency room staff.');

/*!40000 ALTER TABLE `files` ENABLE KEYS */;
UNLOCK TABLES;


# Dump of table links
# ------------------------------------------------------------

DROP TABLE IF EXISTS `links`;

CREATE TABLE `links` (
  `id` int(10) unsigned NOT NULL AUTO_INCREMENT,
  `url` text COLLATE utf8_unicode_ci,
  `archive_url` varchar(255) COLLATE utf8_unicode_ci DEFAULT NULL,
  `user_id` int(11) DEFAULT NULL,
  `created_at` timestamp NULL DEFAULT NULL,
  `updated_at` timestamp NULL DEFAULT NULL,
  `deleted_at` timestamp NULL DEFAULT NULL,
  PRIMARY KEY (`id`),
  KEY `idx_links_deleted_at` (`deleted_at`)
) ENGINE=InnoDB DEFAULT CHARSET=utf8 COLLATE=utf8_unicode_ci;

LOCK TABLES `links` WRITE;
/*!40000 ALTER TABLE `links` DISABLE KEYS */;

INSERT INTO `links` (`id`, `url`, `archive_url`, `user_id`, `created_at`, `updated_at`, `deleted_at`)
VALUES
	(1,'http://mitpe.mit.edu/Pirate-Certificate/',NULL,1,'2018-01-31 00:00:00','2018-01-31 00:00:00',NULL),
	(2,'http://archive.is/YLvml',NULL,1,'2018-01-31 00:00:00','2018-01-31 00:00:00',NULL),
	(3,'https://www.facebook.com/thejetsettv/videos/1777925285573434/',NULL,1,'2018-01-31 00:00:00','2018-01-31 00:00:00',NULL),
	(4,'http://www.rivierabch.com/filestorage/24577/24610/162/205/201/22164/08-19-15_REGULAR_CITY_COUNCIL_MEETING.pdf',NULL,1,'2018-01-24 00:00:00','2018-01-24 00:00:00',NULL),
	(5,'https://web.archive.org/web/20180122210314/http://thelastlineofdefense.online/2018/01/20/update-charles-schumer-received-500k-donation-from-pro-illegal-alien-group-just-before-vote/',NULL,1,'2018-01-23 00:00:00','2018-01-23 00:00:00',NULL),
	(6,'http://yournewswire.com/denzil-washington-obama-america/',NULL,1,'2018-01-19 00:00:00','2018-01-19 00:00:00',NULL),
	(7,'https://web.archive.org/web/20180112190816/http://reaganwasright.com/2018/01/09/late-night-raid-on-michigan-mosque-nets-11-isis-terrorists-and-more-than-40-vests/',NULL,1,'2018-01-12 00:00:00','2018-01-12 00:00:00',NULL),
	(8,'https://www.cdc.gov/vaccinesafety/concerns/autism.html',NULL,1,'2017-11-22 00:00:00','2017-11-22 00:00:00',NULL),
	(9,'https://apps.irs.gov/app/eos/pub78Search.do?ein1=45-2981579&names=&city=&state=All...&country=US&deductibility=all&dispatchMethod=searchCharities&submitName=Search',NULL,1,'2017-11-16 00:00:00','2017-11-16 00:00:00',NULL),
	(10,'http://twofeed.org/2017/05/29/nasa-confirms-earth-will-experience-15-days-on-darkness-november-2017/',NULL,1,'2018-01-31 00:00:00','2018-01-31 00:00:00',NULL),
	(11,'https://apnews.com/59af7610f31042baae4806d920c073b5/malia-obama-take-gap-year-entering-harvard-2017',NULL,1,'2017-08-10 00:00:00','2017-08-10 00:00:00',NULL),
	(12,'https://www.factcheck.org/2007/12/congressional-pensions/',NULL,1,'2018-01-05 00:00:00','2018-01-05 00:00:00',NULL),
	(13,'https://www.washingtonpost.com/news/morning-mix/wp/2017/11/06/who-is-devin-patrick-kelley-gunman-who-officials-say-killed-churchgoers-in-sutherland-springs/?utm_term=.faf3dedbc873',NULL,1,'2017-11-08 00:00:00','2017-11-08 00:00:00',NULL),
	(14,'https://www.congress.gov/bill/115th-congress/house-joint-resolution/40/actions',NULL,1,'2017-10-06 00:00:00','2017-10-06 00:00:00',NULL),
	(15,'Jenkins, Roy.   Churchill: A Biography. New York: Farrar, Straus and Giroux, 2001.    ISBN 0-374-12354-3   (p. 5).',NULL,1,'2012-03-18 00:00:00','2012-03-18 00:00:00',NULL),
	(16,'https://ndb.nal.usda.gov/ndb/foods/show/2159?fgcd=&manu=&lfacet=&format=&count=&max=50&offset=&sort=default&order=asc&qlookup=09040&ds=&qt=&qp=&qa=&qn=&q=&ing=',NULL,1,'2018-01-31 00:00:00','2018-01-31 00:00:00',NULL),
	(17,'https://web.archive.org/web/20110408195014/http://www.cdc.gov/hiv/resources/qa/transmission.htm',NULL,1,'2017-09-19 00:00:00','2017-09-19 00:00:00',NULL),
	(18,'https://www.facebook.com/DunkinDonutsUS/posts/10153083815733238',NULL,1,'2018-01-26 00:00:00','2018-01-26 00:00:00',NULL),
	(19,'https://www.washingtonpost.com/news/food/wp/2017/08/08/heads-up-moscow-mule-lovers-that-copper-mug-could-be-poisoning-you/?utm_term=.61bd675cb2ae',NULL,1,'2018-01-30 00:00:00','2018-01-30 00:00:00',NULL),
	(20,'http://www.margarinemyths.com/en/margarine-was-invented-to-fatten-turkeys',NULL,1,'2018-01-29 00:00:00','2018-01-29 00:00:00',NULL),
	(21,'https://www.freep.com/story/news/2016/05/03/fbi-grocery-bandit-caught-sprayed-mice-poison-food/83894146/',NULL,1,'2017-05-20 00:00:00','2017-05-20 00:00:00',NULL),
	(22,'http://archive.is/oVPQh',NULL,1,'2017-06-29 00:00:00','2017-06-29 00:00:00',NULL),
	(23,'https://www.superfoodly.com/blue-strawberry/',NULL,1,'2018-01-30 00:00:00','2018-01-30 00:00:00',NULL),
	(24,'http://www.inspection.gc.ca/food/information-for-consumers/fact-sheets-and-infographics/products-and-risks/fruits-and-vegetables/red-fungus-inside-bananas/eng/1474985239822/1474985361544',NULL,1,'2018-01-29 00:00:00','2018-01-29 00:00:00',NULL),
	(25,'http://www.rightdiagnosis.com/w/white_marked_tussock_moth_caterpillar_poisoning/intro.htm',NULL,1,'2017-09-17 00:00:00','2017-09-17 00:00:00',NULL),
	(26,'https://www.facebook.com/goro.furuta.39/posts/591400461036900',NULL,1,'2017-09-19 00:00:00','2017-09-19 00:00:00',NULL),
	(27,'https://www.google.com.tr/search?q=Wayne+%E2%80%9CTex%E2%80%9D+Gabriel+and+john+lennon&rlz=1C1NHXL_trTR769TR769&source=lnms&tbm=isch&sa=X&ved=0ahUKEwjElOO8joXZAhXC6aQKHW16CncQ_AUICigB&biw=1366&bih=637',NULL,1,'2018-01-16 00:00:00','2018-01-16 00:00:00',NULL),
	(28,'http://listserv.linguistlist.org/pipermail/ads-l/2009-August/092018.html',NULL,1,'2017-11-27 00:00:00','2017-11-27 00:00:00',NULL),
	(29,'https://twitter.com/haaretzcom/status/867064141995020288',NULL,1,'2017-05-24 00:00:00','2017-05-24 00:00:00',NULL),
	(30,'http://archive.is/j79bW',NULL,1,'2017-08-03 00:00:00','2017-08-03 00:00:00',NULL),
	(31,'https://factualfacts.com/a-man-tried-to-rob-a-bank-after-paying-500-to-a-wizard-to-make-him-invisible/',NULL,1,'2017-03-22 00:00:00','2017-03-22 00:00:00',NULL),
	(32,'http://www.pewresearch.org/fact-tank/2016/01/06/a-new-estimate-of-the-u-s-muslim-population/',NULL,1,'2017-09-20 00:00:00','2017-09-20 00:00:00',NULL),
	(33,'http://www.foxnews.com/politics/2016/06/05/9-year-old-boy-said-principal-told-him-to-remove-trump-cap.html',NULL,1,'2016-06-06 00:00:00','2016-06-06 00:00:00',NULL),
	(34,'http://alj.orangenius.com/night-photos-eiffel-tower-violate-copyright/',NULL,1,'2017-03-13 00:00:00','2017-03-13 00:00:00',NULL),
	(35,'https://web.archive.org/web/20120127034945/http://www.patiastephens.com/2010/12/05/ayn-rand-received-social-security-medicare',NULL,1,'2017-06-23 00:00:00','2017-06-23 00:00:00',NULL),
	(36,'http://www.thesmokinggun.com/sites/default/files/imagecache/750x970/documents/1982vanhalen9_0.gif',NULL,1,'2017-01-19 00:00:00','2017-01-19 00:00:00',NULL),
	(37,'https://www.youtube.com/watch?v=21lhiKfc1p4',NULL,1,'2017-06-07 00:00:00','2017-06-07 00:00:00',NULL),
	(38,'https://www.flickr.com/photos/8023819@N03/2295802945/in/photostream/',NULL,1,'2017-03-29 00:00:00','2017-03-29 00:00:00',NULL),
	(39,'https://techcrunch.com/2018/01/18/mark-zuckerberg-bought-a-150-million-expedition-yacht/',NULL,1,'2018-01-18 00:00:00','2018-01-18 00:00:00',NULL),
	(40,'http://archive.is/fF3z7',NULL,1,'2017-09-10 00:00:00','2017-09-10 00:00:00',NULL),
	(41,'https://archive.is/ZSgJK',NULL,1,'2017-07-17 00:00:00','2017-07-17 00:00:00',NULL),
	(42,'https://apnews.com/f07d6b0d3ab643578703a40099d6b3f6',NULL,1,'2017-01-20 00:00:00','2017-01-20 00:00:00',NULL),
	(43,'http://www.ntnews.com.au/news/northern-territory/teenager-arrested-after-mobile-phone-found-in-car-that-had-been-broken-into/news-story/48acc597d365a58a019880444f4797fb?sv=a732ede08d8a246cfafb9c662425e453',NULL,1,'2016-06-24 00:00:00','2016-06-24 00:00:00',NULL),
	(44,'https://us-east-1.tchyn.io/snopes-production/uploads/images/graphics/news/fergusonsign.jpg',NULL,1,'2017-09-24 00:00:00','2017-09-24 00:00:00',NULL),
	(45,'https://twitter.com/LifesBook_Ceo/status/843362397666664448',NULL,1,'2017-03-20 00:00:00','2017-03-20 00:00:00',NULL),
	(46,'http://www.foxla.com/news/local-news/san-bernardino-man-claims-injury-by-hypodermic-needle-in-gas-pump-handle',NULL,1,'2017-11-19 00:00:00','2017-11-19 00:00:00',NULL),
	(47,'https://projects.propublica.org/itemizer/filing/1198231/schedule/sa',NULL,1,'2018-01-25 00:00:00','2018-01-25 00:00:00',NULL),
	(48,'http://www.waff.com/story/34265502/pizza-hut-customers-facebook-story-was-fabricated-but-negative-impact-on-their-business-is-real',NULL,1,'2018-01-29 00:00:00','2018-01-29 00:00:00',NULL),
	(49,'https://www.yahoo.com/news/local-boxer-tiger-smalls-remembers-023635441.html',NULL,1,'2017-07-06 00:00:00','2017-07-06 00:00:00',NULL),
	(50,'http://archive.is/FElFc',NULL,1,'2018-01-26 00:00:00','2018-01-26 00:00:00',NULL),
	(101,'http://ladiesofliberty.net/urgent-update-muellers-disgusting-affair-with-nancy-pelosi-was-just-the-beginning/',NULL,1,'2017-12-04 00:00:00','2017-12-04 00:00:00',NULL),
	(102,'https://www.newyorker.com/humor/borowitz-report/white-house-doctor-writes-note-saying-trump-too-sick-to-talk-to-mueller',NULL,1,'2018-01-24 00:00:00','2018-01-24 00:00:00',NULL),
	(103,'https://www.health.harvard.edu/diseases-and-conditions/10-flu-myths',NULL,1,'2017-11-29 00:00:00','2017-11-29 00:00:00',NULL),
	(104,'http://www.arkansasonline.com/news/2018/jan/19/vulgarity-draws-ban-on-calling-up-cotto/',NULL,1,'2018-01-19 00:00:00','2018-01-19 00:00:00',NULL),
	(105,'http://archive.is/gmeCP ',NULL,1,'2018-01-26 00:00:00','2018-01-26 00:00:00',NULL),
	(106,'https://pixabay.com/pl/creux-du-van-g%C3%B3ry-otch%C5%82a%C5%84-994820/',NULL,1,'2018-01-29 00:00:00','2018-01-29 00:00:00',NULL),
	(107,'https://futurism.com/pluto-reclassified-as-a-major-planet/',NULL,1,'2017-04-01 00:00:00','2017-04-01 00:00:00',NULL),
	(108,'https://www.facebook.com/430631463645162/photos/a.430792713629037.95730.430631463645162/866317940076510/?type=3&theater',NULL,1,'2018-01-26 00:00:00','2018-01-26 00:00:00',NULL),
	(109,'https://www.facebook.com/fredyjavierg/videos/10213810491152097/',NULL,1,'2018-01-27 00:00:00','2018-01-27 00:00:00',NULL),
	(110,'http://abcnews.go.com/Politics/full-secret-society-text-fbi-agents-meant-jest/story?id=52592241',NULL,1,'2018-01-24 00:00:00','2018-01-24 00:00:00',NULL),
	(111,'https://grapevine.is/news/2016/07/01/no-the-government-will-not-pay-you-to-marry-an-icelander/',NULL,1,'2017-05-31 00:00:00','2017-05-31 00:00:00',NULL),
	(112,'http://archive.is/ROI31',NULL,1,'2018-01-24 00:00:00','2018-01-24 00:00:00',NULL),
	(113,'https://wkunews.wordpress.com/2017/04/20/statement-from-wku-president/',NULL,1,'2017-04-20 00:00:00','2017-04-20 00:00:00',NULL),
	(114,'http://www.whoaisnotme.net/articles/2002_03xx_kea.htm',NULL,1,'2017-07-17 00:00:00','2017-07-17 00:00:00',NULL),
	(115,'http://reut.rs/2rNjKOI',NULL,1,'2018-01-25 00:00:00','2018-01-25 00:00:00',NULL),
	(116,'http://www.adweek.com/creativity/ikea-wants-you-to-pee-on-this-ad-if-youre-pregnant-it-will-give-you-a-discount-on-a-crib/',NULL,1,'2018-01-09 00:00:00','2018-01-09 00:00:00',NULL),
	(117,'http://bit.ly/2E4bnTF',NULL,1,'2018-01-08 00:00:00','2018-01-08 00:00:00',NULL),
	(118,'https://archive.is/MXgPd',NULL,1,'2017-12-12 00:00:00','2017-12-12 00:00:00',NULL),
	(119,'http://losangeles.cbslocal.com/2017/06/06/calls-for-boycottsears-return-over-free-palestine-shirts/',NULL,1,'2017-01-06 00:00:00','2017-01-06 00:00:00',NULL),
	(120,'https://www.uber.com/en-AU/newsroom/an-apology/',NULL,1,'2017-06-05 00:00:00','2017-06-05 00:00:00',NULL),
	(121,'http://edition.cnn.com/travel/article/people-born-on-airplanes/index.html',NULL,1,'2018-01-09 00:00:00','2018-01-09 00:00:00',NULL),
	(122,'https://www.ftc.gov/news-events/press-releases/2010/05/ftc-issues-report-emergency-technology-use-atms',NULL,1,'2018-01-04 00:00:00','2018-01-04 00:00:00',NULL),
	(123,'https://thoughtcatalog.com/clint-conway/2017/02/today-burger-king-is-offering-an-adult-meal-with-adult-toys-for-some-saucy-adult-fun/',NULL,1,'2017-02-14 00:00:00','2017-02-14 00:00:00',NULL),
	(124,'http://www.nytimes.com/1986/06/04/garden/oreo-at-75-the-world-s-favorite-cookie-machine-imagery-homey-decoration.html',NULL,1,'2018-01-11 00:00:00','2018-01-11 00:00:00',NULL),
	(125,'https://shop.nordstrom.com/s/made-solid-medium-leather-wrapped-stone/4497177?cm_mmc=Twitter-_-share-_-site-_-4497177',NULL,1,'2018-01-26 00:00:00','2018-01-26 00:00:00',NULL),
	(126,'https://twitter.com/united/status/806478224486080512',NULL,1,'2016-12-07 00:00:00','2016-12-07 00:00:00',NULL),
	(127,'https://www.thelocal.se/20151001/why-sweden-is-a-long-way-from-six-hour-days',NULL,1,'2018-01-16 00:00:00','2018-01-16 00:00:00',NULL),
	(128,'http://blog.jetblue.com/we-stand-with-orlando/',NULL,1,'2016-06-13 00:00:00','2016-06-13 00:00:00',NULL),
	(129,'https://www.apple.com/customer-letter/',NULL,1,'2016-02-18 00:00:00','2016-02-18 00:00:00',NULL),
	(130,'https://www.8shit.net/woman-pretends-sex-robot-gets-pregnant-files-child-support/',NULL,1,'2018-01-24 00:00:00','2018-01-24 00:00:00',NULL),
	(131,'http://archive.is/kXorS#selection-267.20-267.25',NULL,1,'2018-01-26 00:00:00','2018-01-26 00:00:00',NULL),
	(132,'http://archive.is/OUIUg',NULL,1,'2018-01-25 00:00:00','2018-01-25 00:00:00',NULL),
	(133,'https://www.sevendaysvt.com/OffMessage/archives/2017/01/20/the-internet-branded-her-a-racist-does-it-matter-that-shes-bipolar',NULL,1,'2017-01-20 00:00:00','2017-01-20 00:00:00',NULL),
	(134,'http://abc7chicago.com/dramatic-tower-video-of-2016-ohare-plane-fire-released/2274008/',NULL,1,'2018-01-25 00:00:00','2018-01-25 00:00:00',NULL),
	(135,'https://archive.is/mGXnF',NULL,1,'2018-01-24 00:00:00','2018-01-24 00:00:00',NULL),
	(136,'https://us-east-1.tchyn.io/snopes-production/uploads/2018/01/stormy-vs-stormy.jpg',NULL,1,'2018-01-24 00:00:00','2018-01-24 00:00:00',NULL),
	(137,'http://www.eadt.co.uk/news/forensic-investigators-and-police-scour-the-woods-near-west-suffolk-college-with-several-bodies-discovered-but-what-was-really-going-on-1-3953980',NULL,1,'2018-01-24 00:00:00','2018-01-24 00:00:00',NULL),
	(138,'http://archive.is/F0vor',NULL,1,'2018-01-23 00:00:00','2018-01-23 00:00:00',NULL),
	(139,'http://www.newsweek.com/who-amanda-teague-woman-marries-ghost-300-year-old-pirate-786632',NULL,1,'2018-01-22 00:00:00','2018-01-22 00:00:00',NULL),
	(140,'https://www.youtube.com/watch?v=Gpa5S8DgPzs',NULL,1,'2018-01-12 00:00:00','2018-01-12 00:00:00',NULL),
	(141,'https://twitter.com/JordanEdwards/status/930294293247520768',NULL,1,'2018-01-25 00:00:00','2018-01-25 00:00:00',NULL),
	(142,'https://www.aspcapro.org/resource/shelter-health-poison-control/most-common-toxicologic-causes-tremors-cats',NULL,1,'2018-01-25 00:00:00','2018-01-25 00:00:00',NULL),
	(143,'https://www.facebook.com/pg/KFA-United-Kingdom-223522167739886/photos/?tab=album&album_id=844786768946753',NULL,1,'2018-01-22 00:00:00','2018-01-22 00:00:00',NULL),
	(144,'https://twitter.com/RealDonaldTrFan/status/946514015374725120',NULL,1,'2018-01-02 00:00:00','2018-01-02 00:00:00',NULL),
	(145,'https://www.flickr.com/photos/episcopo/8688464145',NULL,1,'2017-12-17 00:00:00','2017-12-17 00:00:00',NULL),
	(146,'https://archive.is/zHEuG',NULL,1,'2017-12-27 00:00:00','2017-12-27 00:00:00',NULL),
	(147,'http://www.snowcrystals.com/science/science.html',NULL,1,'2018-01-22 00:00:00','2018-01-22 00:00:00',NULL),
	(148,'https://verne.elpais.com/verne/2016/06/06/articulo/1465199970_718065.html',NULL,1,'2017-12-07 00:00:00','2017-12-07 00:00:00',NULL),
	(149,'http://abcnews.go.com/Entertainment/story?id=8278249',NULL,1,'2016-10-02 00:00:00','2016-10-02 00:00:00',NULL),
	(150,'https://www.facebook.com/senatorsanders/posts/10156519608882908',NULL,1,'2017-11-27 00:00:00','2017-11-27 00:00:00',NULL),
	(151,'https://www.instagram.com/p/BMlO1lShq2j/',NULL,1,'2017-08-07 00:00:00','2017-08-07 00:00:00',NULL),
	(152,'https://www.facebook.com/zuck/posts/10104380170714571',NULL,1,'2018-01-24 00:00:00','2018-01-24 00:00:00',NULL),
	(153,'https://www.whitehouse.gov/briefings-statements/remarks-president-trump-signing-section-201-actions/',NULL,1,'2018-01-25 00:00:00','2018-01-25 00:00:00',NULL),
	(154,'https://www.bnr.nl/cookiewall?target=%2Fpodcast%2Fdeprijsvan2017%2F10336508%2Flilianne-ploumen',NULL,1,'2018-01-22 00:00:00','2018-01-22 00:00:00',NULL),
	(155,'https://web.archive.org/web/20171027145631/https://www.usworldnow.com/2017/10/26/actress-sandra-bullock-hillary-clinton-dont-like-president-can-leave-never-come-back-one-jealous-woman-nothing-compare-trump-h/',NULL,1,'2017-11-21 00:00:00','2017-11-21 00:00:00',NULL),
	(156,'https://vault-cdn.si.com/SI_ISSUE_IMAGES/Sports%20Illustrated/1964/02/19640224/Sports_Illustrated_42894_19640224-001-2048.jpg',NULL,1,'2017-07-10 00:00:00','2017-07-10 00:00:00',NULL),
	(157,'https://www.nature.com/articles/srep39654',NULL,1,'2018-02-01 00:00:00','2018-02-01 00:00:00',NULL),
	(158,'http://www.alison-jackson.co.uk/mental-images/',NULL,1,'2017-01-20 00:00:00','2017-01-20 00:00:00',NULL),
	(159,'https://blog.designcrowd.com/article/880/giant-skeletons-real-or-fake',NULL,1,'2017-12-24 00:00:00','2017-12-24 00:00:00',NULL),
	(160,'https://web.archive.org/web/20170803172808/https://www.usajobs.gov/GetJob/ViewDetails/474414000',NULL,1,'2017-08-03 00:00:00','2017-08-03 00:00:00',NULL),
	(161,'https://www.buzzfeed.com/paulmcleod/this-rudy-giuliani-account-people-are-retweeting-is-fake?utm_term=.vxZVJ87zV#.wvWdQrVgd',NULL,1,'2016-12-20 00:00:00','2016-12-20 00:00:00',NULL),
	(162,'https://lifehacker.com/hide-nazis-with-this-twitter-setting-1819414520',NULL,1,'2018-01-11 00:00:00','2018-01-11 00:00:00',NULL),
	(163,'https://www.reddit.com/r/pics/comments/2zqga7/101_years_difference/',NULL,1,'2018-01-24 00:00:00','2018-01-24 00:00:00',NULL),
	(164,'http://web.archive.org/web/20081029053327/http://www.guzer.com/pictures/panda_plane.php',NULL,1,'2018-01-27 00:00:00','2018-01-27 00:00:00',NULL),
	(165,'http://www.cbc.ca/news/canada/ottawa/canada-immigration-website-crash-presidential-election-1.3845080',NULL,1,'2017-11-11 00:00:00','2017-11-11 00:00:00',NULL),
	(166,'https://www.facebook.com/paulnicklenphoto/videos/10155204590778364/',NULL,1,'2017-12-14 00:00:00','2017-12-14 00:00:00',NULL),
	(167,'http://www.politifact.com/punditfact/statements/2017/sep/25/thelastlineofdefenseorg/nfls-goodell-didnt-say-he-would-fine-steelers-play/',NULL,1,'2017-09-24 00:00:00','2017-09-24 00:00:00',NULL),
	(168,'http://www.escapades.be/fetedemai/life/0905.html',NULL,1,'2018-01-24 00:00:00','2018-01-24 00:00:00',NULL),
	(169,'http://edition.cnn.com/videos/politics/2017/10/13/trump-wh-lawn-iran-deal-healthcare-puerto-rico-full-sot.cnn',NULL,1,'2017-10-19 00:00:00','2017-10-19 00:00:00',NULL),
	(170,'https://www.facebook.com/LiptonUS/videos/570895136401069/',NULL,1,'2016-02-22 00:00:00','2016-02-22 00:00:00',NULL),
	(171,'https://www.youtube.com/watch?v=9UDb_wCcFwY',NULL,1,'2017-06-26 00:00:00','2017-06-26 00:00:00',NULL),
	(172,'http://www.nydailynews.com/archives/gossip/jay-z-clear-hard-knock-strife-article-1.584235',NULL,1,'2018-02-02 00:00:00','2018-02-02 00:00:00',NULL),
	(173,'http://www.smilepolitely.com/splog/jimmy_john_is_a_big_man._with_the_photos_to_prove_it/',NULL,1,'2017-10-24 00:00:00','2017-10-24 00:00:00',NULL),
	(174,'https://www.nytimes.com/2018/02/03/opinion/sunday/this-is-why-uma-thurman-is-angry.html',NULL,1,'2018-02-02 00:00:00','2018-02-02 00:00:00',NULL),
	(175,'https://www.youtube.com/watch?v=gdg6WU_aqWE',NULL,1,'2017-12-28 00:00:00','2017-12-28 00:00:00',NULL),
	(176,'https://vanwinkles.com/misleading-articles-about-women-v-men-sleep-needs',NULL,1,'2017-12-15 00:00:00','2017-12-15 00:00:00',NULL),
	(177,'https://tr.pinterest.com/pin/44824958764689542/',NULL,1,'2017-12-17 00:00:00','2017-12-17 00:00:00',NULL);

/*!40000 ALTER TABLE `links` ENABLE KEYS */;
UNLOCK TABLES;


# Dump of table users
# ------------------------------------------------------------

DROP TABLE IF EXISTS `users`;

CREATE TABLE `users` (
  `id` int(10) unsigned NOT NULL AUTO_INCREMENT,
  `created_at` timestamp NULL DEFAULT NULL,
  `updated_at` timestamp NULL DEFAULT NULL,
  `deleted_at` timestamp NULL DEFAULT NULL,
  `username` varchar(255) COLLATE utf8_unicode_ci DEFAULT NULL,
  `email` varchar(255) COLLATE utf8_unicode_ci DEFAULT NULL,
  `password` varchar(255) COLLATE utf8_unicode_ci DEFAULT NULL,
  PRIMARY KEY (`id`),
  KEY `idx_users_deleted_at` (`deleted_at`)
) ENGINE=InnoDB DEFAULT CHARSET=utf8 COLLATE=utf8_unicode_ci;

LOCK TABLES `users` WRITE;
/*!40000 ALTER TABLE `users` DISABLE KEYS */;

INSERT INTO `users` (`id`, `created_at`, `updated_at`, `deleted_at`, `username`, `email`, `password`)
VALUES
	(1,'2018-01-28 14:40:20','2018-01-28 14:40:20',NULL,'factlist','factlist@example.org','$2a$10$bWTLbkXD7nSF5m0WoQyUbe9I7MkodrrHiXbKIl8pv7adm6SvfgEk.');

/*!40000 ALTER TABLE `users` ENABLE KEYS */;
UNLOCK TABLES;



/*!40111 SET SQL_NOTES=@OLD_SQL_NOTES */;
/*!40101 SET SQL_MODE=@OLD_SQL_MODE */;
/*!40014 SET FOREIGN_KEY_CHECKS=@OLD_FOREIGN_KEY_CHECKS */;
/*!40101 SET CHARACTER_SET_CLIENT=@OLD_CHARACTER_SET_CLIENT */;
/*!40101 SET CHARACTER_SET_RESULTS=@OLD_CHARACTER_SET_RESULTS */;
/*!40101 SET COLLATION_CONNECTION=@OLD_COLLATION_CONNECTION */;
